Name,Pos,Org,Top 100,Org Rk,Age,Hit,Pitch Sel,Bat Ctrl,Game,Raw,Spd,Fld,Arm,Avg EV,Max EV,FV,playerId
"Wander Franco","SS","TBR",1,1,"19.6277777","60 / 80",60,70,"45 / 60","55 / 60","60 / 60","50 / 55","60 / 60",89,108,"80","sa3007033"
"Adley Rutschman","C","BAL",3,1,"22.6972222","45 / 60",60,45,"40 / 55","60 / 60","40 / 35","60 / 70","60 / 60",91,107,"60","sa3011643"
"Julio Rodriguez","RF","SEA",4,1,"19.8","25 / 60",45,60,"25 / 60","60 / 65","40 / 40","45 / 50","55 / 55",92,109,"60","sa3005720"
"Joey Bart","C","SFG",5,1,"23.8388888","35 / 45",45,50,"50 / 60","60 / 60","35 / 30","65 / 70","55 / 55",92,109,"60","21524"
"Jarred Kelenic","CF","SEA",6,2,"21.2527777","45 / 60",50,50,"45 / 55","60 / 60","55 / 50","45 / 45","60 / 60",90,107,"60","sa3007741"
"Royce Lewis","CF","MIN",7,1,"21.3666666","30 / 50",40,50,"40 / 60","60 / 65","60 / 50","40 / 45","50 / 50",90,108,"60","sa3004259"
"Jo Adell","LF","LAA",9,1,"21.525","30 / 45",50,40,"50 / 70","70 / 70","60 / 50","40 / 45","40 / 40",92,116,"60","20220"
"Cristian Pache","CF","ATL",11,1,"21.9111111","35 / 45",45,40,"30 / 45","50 / 55","65 / 65","70 / 80","70 / 70",88,105,"60","19948"
"CJ Abrams","CF","SDP",12,3,"20.0388888","25 / 70",40,70,"20 / 45","50 / 60","80 / 70","40 / 45","50 / 50",89,102,"60","sa3010152"
"Bobby Witt Jr.","SS","KCR",13,1,"20.3416666","20 / 45",50,40,"25 / 60","60 / 65","60 / 60","50 / 60","60 / 60",92,109,"60","sa3011225"
"Marco Luciano","SS","SFG",14,2,"19.0222222","25 / 60",55,50,"25 / 70","60 / 70","50 / 45","40 / 45","50 / 55",92,109,"60","sa3010022"
"Ke'Bryan Hayes","3B","PIT",15,1,"23.7194444","50 / 60",60,55,"45 / 50","50 / 50","60 / 55","60 / 70","60 / 60",92,110,"60","18577"
"Spencer Torkelson","1B","DET",16,2,"21.1416666","35 / 55",70,55,"35 / 65","65 / 70","40 / 40","45 / 50","40 / 40",101,112,"60",
"Andrew Vaughn","1B","CHW",17,1,"22.5388888","40 / 65",70,60,"65 / 65","45 / 60","30 / 30","40 / 45","45 / 45",91,111,"60","sa3011226"
"Vidal Brujan","2B","TBR",19,2,"22.6888888","50 / 65",55,60,"30 / 45","45 / 50","65 / 65","55 / 70","50 / 50",87,104,"60","sa872786"
"Kristian Robinson","CF","ARI",22,1,"19.85","20 / 50",50,45,"45 / 60","60 / 70","60 / 55","45 / 50","60 / 60",92,109,"55","sa3006884"
"Oneil Cruz","SS","PIT",27,2,"22.0361111","30 / 40",35,50,"30 / 60","70 / 80","60 / 45","40 / 45","80 / 80",91,112,"55","sa917318"
"Jazz Chisholm","SS","MIA",28,2,"22.7111111","30 / 40",30,50,"45 / 55","55 / 55","60 / 60","50 / 55","55 / 55",91,108,"55","20454"
"Ronny Mauricio","SS","NYM",29,1,"19.5361111","25 / 50",35,45,"20 / 50","45 / 55","50 / 50","45 / 50","55 / 60",87,102,"55","sa3006887"
"Brandon Marsh","CF","LAA",30,2,"22.8305555","45 / 55",55,50,"40 / 50","55 / 60","60 / 55","50 / 50","60 / 60",90,110,"55","sa917944"
"Nolan Gorman","3B","STL",31,1,"20.4361111","20 / 50",55,40,"25 / 60","65 / 70","40 / 40","40 / 45","50 / 50",91,109,"55","sa3007017"
"Dylan Carlson","LF","STL",33,2,"21.9833333","40 / 55",55,50,"40 / 55","50 / 55","50 / 40","50 / 55","40 / 40",88,105,"55","20126"
"Luis Campusano","C","SDP",34,4,"22.05","35 / 60",55,60,"30 / 50","55 / 60","40 / 40","40 / 45","60 / 60",89,109,"55","22217"
"Nick Madrigal","2B","CHW",35,3,"23.5888888","60 / 70",55,80,"30 / 30","45 / 45","70 / 60","60 / 60","50 / 50",84,103,"55","20521"
"Jeter Downs","2B","BOS",40,1,"22.2222222","40 / 50",55,55,"40 / 50","50 / 50","45 / 40","40 / 45","50 / 50",88,106,"55","sa3004615"
"Randy Arozarena","LF","TBR",42,4,"25.6305555","50 / 60",50,55,"50 / 55","45 / 45","55 / 55","50 / 55","55 / 55",90,113,"55","19290"
"Austin Martin","CF","TOR",43,2,"21.5666666","35 / 60",70,60,"35 / 55","50 / 50","50 / 50","35 / 45","40 / 45",93,105,"55",
"Jasson Dominguez","CF","NYY",44,2,"17.6944444","20 / 55",,,"25 / 60","60 / 65","70 / 70","45 / 55","60 / 60",,,"50",
"Brennen Davis","CF","CHC",45,1,"20.9583333","30 / 50",45,45,"35 / 55","55 / 60","60 / 55","45 / 55","55 / 60",87,104,"50","sa3007876"
"JJ Bleday","RF","MIA",46,3,"22.9361111","35 / 55",60,55,"45 / 55","55 / 55","45 / 40","50 / 60","60 / 60",88,109,"50","sa3011642"
"Riley Greene","RF","DET",47,4,"20.0527777","25 / 60",50,60,"25 / 55","50 / 55","50 / 45","45 / 50","55 / 55",87,106,"50","sa3010694"
"Nolan Jones","3B","CLE",49,1,"22.4444444","30 / 40",80,40,"55 / 60","70 / 70","30 / 30","40 / 45","70 / 70",92,114,"50","sa917941"
"Trevor Larnach","RF","MIN",50,2,"23.6416666","40 / 50",60,45,"50 / 60","65 / 65","40 / 40","40 / 45","55 / 55",92,110,"50","sa3008376"
"Triston Casas","1B","BOS",51,2,"20.7555555","35 / 55",55,55,"35 / 60","65 / 70","30 / 20","45 / 55","60 / 60",87,107,"50","sa3007634"
"Alex Kirilloff","1B","MIN",52,3,"22.9388888","45 / 60",40,60,"45 / 55","60 / 60","30 / 30","45 / 50","60 / 60",91,107,"50","sa917929"
"Daulton Varsho","C","ARI",53,2,"24.2916666","45 / 55",50,60,"40 / 45","50 / 50","60 / 60","40 / 45","45 / 45",87,107,"50","19918"
"Josh Lowe","CF","TBR",54,5,"22.7083333","30 / 40",60,45,"40 / 45","60 / 60","60 / 60","40 / 45","60 / 60",90,110,"50","sa917926"
"Travis Swaggerty","CF","PIT",55,3,"23.1611111","40 / 50",55,50,"30 / 50","60 / 60","65 / 65","55 / 60","60 / 60",89,,"50","sa3007512"
"Miguel Amaya","C","CHC",57,2,"21.6055555","35 / 55",55,45,"30 / 45","50 / 55","40 / 30","45 / 60","55 / 60",86,109,"50","sa917354"
"Heliot Ramos","RF","SFG",60,3,"21.1111111","35 / 50",50,50,"45 / 55","55 / 55","55 / 50","45 / 50","60 / 60",90,108,"50","sa3004693"
"Leody Taveras","CF","TEX",61,1,"22.1083333","35 / 55",45,55,"30 / 40","50 / 50","60 / 60","55 / 70","60 / 60",86,,"50","18900"
"Taylor Trammell","LF","SEA",62,4,"23.0944444","45 / 55",60,40,"40 / 45","55 / 55","70 / 70","60 / 70","35 / 35",88,108,"50","sa917943"
"Alek Thomas","CF","ARI",63,3,"20.4694444","25 / 60",55,45,"40 / 50","50 / 50","60 / 60","50 / 55","40 / 40",90,107,"50","sa3006892"
"Tyler Stephenson","C","CIN",65,1,"24.1694444","45 / 50",55,45,"40 / 45","65 / 65","30 / 30","40 / 45","70 / 70",90,106,"50","17988"
"Xavier Edwards","2B","TBR",68,6,"21.1888888","35 / 60",45,70,"20 / 30","40 / 40","80 / 80","50 / 55","45 / 45",84,100,"50","sa3007018"
"Drew Waters","CF","ATL",70,3,"21.7972222","40 / 60",30,55,"40 / 50","55 / 60","60 / 60","45 / 50","60 / 60",89,109,"50","sa3004378"
"Jordyn Adams","CF","LAA",73,3,"20.9972222","30 / 50",50,40,"30 / 50","50 / 60","80 / 80","45 / 60","45 / 50",86,104,"50","sa3008032"
"Zac Veen","CF","COL",74,1,"18.8472222","25 / 55",,,"25 / 60","55 / 65","60 / 55","40 / 50","50 / 50",91,103,"50",
"Jordan Groshans","3B","TOR",75,4,"20.9361111","30 / 50",,,"30 / 55","60 / 65","55 / 50","45 / 50","60 / 60",90,107,"50","sa3006893"
"Kevin Alcantara","CF","NYY",76,3,"18.2638888","20 / 50",50,45,"20 / 55","50 / 60","60 / 55","45 / 55","55 / 55",88,106,"50","sa3008752"
"Jose Garcia","SS","CIN",77,3,"22.5333333","30 / 40",40,45,"35 / 50","55 / 60","60 / 60","60 / 60","70 / 70",87,109,"50","23378"
"George Valera","CF","CLE",78,2,"19.9277777","25 / 50",55,45,"25 / 55","55 / 60","50 / 45","45 / 50","55 / 55",91,107,"50","sa3006872"
"Nick Gonzales","2B","PIT",81,5,"21.3888888","35 / 60",,,"35 / 50","55 / 55","40 / 40","40 / 45","45 / 45",,,"50",
"Luis Garcia","2B","WSN",82,1,"20.4194444","40 / 60",30,60,"30 / 45","50 / 55","40 / 40","45 / 50","55 / 55",86,104,"50","20391"
"Keibert Ruiz","C","LAD",83,2,"22.2416666","55 / 70",35,70,"30 / 35","50 / 50","20 / 20","50 / 50","50 / 50",88,100,"50","19610"
"Ryan Mountcastle","LF","BAL",84,3,"23.6638888","50 / 55",30,55,"45 / 55","60 / 60","45 / 45","35 / 35","30 / 30",89,108,"50","18373"
"Ryan Jeffers","C","MIN",85,6,"23.6138888","40 / 50",50,55,"45 / 55","55 / 55","40 / 40","45 / 50","55 / 55",90,105,"50","24618"
"Alejandro Kirk","C","TOR",86,5,"21.9472222","35 / 60",60,60,"30 / 40","50 / 50","20 / 20","40 / 45","55 / 55",91,105,"50","22581"
"Orelvis Martinez","SS","TOR",87,6,"18.9111111","20 / 45",50,50,"20 / 50","50 / 60","45 / 40","30 / 45","50 / 55",87,105,"50","sa3010692"
"Ezequiel Duran","2B","NYY",88,4,"21.4027777","30 / 40",40,40,"35 / 55","55 / 60","40 / 35","40 / 45","45 / 45",92,109,"50","sa3005271"
"Alexander Vargas","SS","NYY",90,5,"18.9666666","25 / 55",50,55,"20 / 40","35 / 50","60 / 60","45 / 60","50 / 55",81,99,"50","sa3008851"
"Geraldo Perdomo","SS","ARI",91,4,"20.9861111","35 / 55",70,60,"30 / 45","45 / 50","55 / 55","45 / 55","55 / 55",87,103,"50","sa3003290"
"Andres Gimenez","SS","NYM",92,2,"22.1194444","45 / 55",40,50,"30 / 40","40 / 45","60 / 55","55 / 60","55 / 55",87,103,"50","19950"
"Tyler Freeman","SS","CLE",94,4,"21.4055555","35 / 60",30,70,"20 / 30","40 / 45","55 / 50","45 / 50","45 / 45",86,102,"50","sa3004755"
"Liover Peguero","SS","PIT",97,6,"19.7972222","25 / 60",50,55,"35 / 40","45 / 50","60 / 55","45 / 55","55 / 55",90,105,"50","sa3005582"
"Corbin Carroll","CF","ARI",98,5,"20.1555555","25 / 60",55,50,"30 / 50","45 / 50","70 / 70","50 / 60","55 / 55",91,108,"50","sa3010593"
"Brice Turang","SS","MIL",100,1,"20.9055555","30 / 40",60,40,"30 / 40","45 / 50","55 / 55","50 / 60","55 / 55",87,102,"50","sa3008294"
"Ivan Herrera","C","STL",101,4,"20.3777777","35 / 50",55,55,"25 / 40","50 / 55","30 / 30","45 / 55","50 / 50",87,110,"50","sa3003191"
"Mark Vientos","3B","NYM",102,3,"20.85","30 / 45",40,40,"35 / 60","60 / 70","40 / 35","35 / 45","55 / 60",91,105,"50","sa3004720"
"Heston Kjerstad","RF","BAL",103,5,"21.6805555","35 / 55",45,60,"35 / 60","55 / 60","50 / 45","45 / 50","50 / 50",96,108,"50",
"Brayan Rocchio","SS","CLE",106,5,"19.7611111","25 / 60",40,60,"20 / 45","40 / 45","60 / 60","45 / 55","50 / 50",85,102,"50","sa3005898"
"Heriberto Hernandez","LF","TEX",112,3,"20.8361111","35 / 60",60,60,"35 / 60","55 / 65","30 / 30","30 / 45","45 / 45",95,112,"50","sa3005630"
"William Contreras","C","ATL",113,4,"22.8138888","35 / 50",40,50,"35 / 50","50 / 55","45 / 40","45 / 55","60 / 60",89,106,"50","20503"
"Lewin Diaz","1B","MIA",114,6,"23.9111111","45 / 50",40,55,"50 / 55","60 / 60","45 / 40","55 / 60","50 / 50",91,107,"50","18365"
"Isaac Paredes","3B","DET",115,6,"21.6638888","55 / 60",55,70,"40 / 45","50 / 50","30 / 20","40 / 45","55 / 55",87,106,"50","20036"
"Ed Howard","SS","CHC",,4,"18.7194444","25 / 50",50,55,"20 / 50","45 / 55","50 / 55","45 / 55","55 / 55",,,"45+",
"Erick Pena","CF","KCR",,5,"17.6583333","25 / 55",,,"25 / 55","45 / 55","55 / 50","40 / 50","55 / 55",,,"45+",
"Brett Baty","3B","NYM",,4,"20.9277777","35 / 55",55,50,"30 / 60","65 / 65","45 / 40","45 / 50","50 / 50",91,106,"45+","sa3010869"
"Kyle Isbel","LF","KCR",,7,"23.6222222","45 / 55",45,55,"30 / 50","50 / 50","50 / 50","45 / 55","50 / 50",89,109,"45+","sa3006861"
"Francisco Alvarez","C","NYM",,6,"18.9111111","25 / 55",55,50,"25 / 50","50 / 55","45 / 40","45 / 55","55 / 55",89,104,"45+","sa3010862"
"Noelvi Marte","SS","SEA",,7,"19.0027777","20 / 50",50,50,"25 / 60","50 / 60","60 / 55","40 / 50","60 / 60",87,103,"45+","sa3008745"
"Hunter Bishop","CF","SFG",,4,"22.3111111","30 / 45",45,45,"35 / 60","65 / 65","60 / 55","45 / 50","35 / 40",91,110,"45+","sa3011413"
"Patrick Bailey","C","SFG",,5,"21.3833333","35 / 50",55,55,"30 / 45","50 / 50","30 / 30","40 / 50","55 / 55",,,"45+",
"Luis Matos","CF","SFG",,6,"18.7194444","25 / 50",45,50,"20 / 50","50 / 60","60 / 60","45 / 50","50 / 50",87,106,"45+","sa3008756"
"Jonathan India","3B","CIN",,5,"23.8388888","45 / 55",60,50,"40 / 45","50 / 50","50 / 45","50 / 55","55 / 55",87,106,"45+","sa3008178"
"Austin Hendrick","RF","CIN",,6,"19.3388888","20 / 40",,,"25 / 60","60 / 70","50 / 45","45 / 50","55 / 55",,,"45+",
"Wilderd Patino","CF","ARI",,9,"19.2472222","20 / 45",50,40,"30 / 50","45 / 55","60 / 60","45 / 55","60 / 60",89,107,"45+","sa3007874"
"Diego Cartaya","C","LAD",,4,"19.1111111","20 / 50",40,50,"25 / 55","50 / 60","40 / 30","40 / 50","60 / 60",86,105,"45+","sa3008742"
"Andy Pages","CF","LAD",,5,"19.8583333","20 / 40",55,45,"25 / 65","55 / 60","50 / 50","45 / 50","60 / 60",89,107,"45+","sa3005625"
"Robert Puason","SS","OAK",,2,"18.1","20 / 50",,,"20 / 50","45 / 60","60 / 55","45 / 55","60 / 60",,,"45+",
"Daniel Johnson","RF","CLE",,7,"25.2666666","45 / 50",50,45,"40 / 45","55 / 55","70 / 70","50 / 55","80 / 80",89,116,"45+","19643"
"Bo Naylor","C","CLE",,9,"20.6555555","30 / 45",45,40,"35 / 50","55 / 60","50 / 40","40 / 45","55 / 55",89,104,"45+","sa3008247"
"Bryson Stott","SS","PHI",,3,"23.0305555","30 / 50",50,55,"30 / 50","50 / 55","55 / 50","45 / 50","50 / 50",85,101,"45+","sa3011443"
"Jesus Sanchez","RF","MIA",,7,"23.0277777","30 / 40",35,45,"30 / 50","60 / 65","50 / 50","50 / 55","60 / 60",92,111,"45+","19913"
"Monte Harrison","CF","MIA",,8,"25.1861111","30 / 35",50,35,"40 / 45","65 / 65","60 / 60","60 / 60","70 / 70",93,113,"45+","17216"
"Ryan Vilade","3B","COL",,3,"21.6638888","35 / 50",50,60,"30 / 50","55 / 60","45 / 40","45 / 50","55 / 55",88,107,"45+","sa3004256"
"Jared Oliva","CF","PIT",,9,"24.8888888","40 / 50",55,45,"40 / 45","55 / 55","60 / 60","50 / 55","50 / 50",88,,"45+","19968"
"Mario Feliciano","C","MIL",,2,"21.9083333","35 / 55",35,55,"30 / 45","50 / 55","30 / 30","35 / 45","55 / 55",91,108,"45+","sa917954"
"Garrett Mitchell","CF","MIL",,3,"22.1194444","35 / 50",,,"30 / 45","55 / 55","70 / 70","45 / 55","55 / 55",89,107,"45+",
"Tristen Lutz","RF","MIL",,4,"22.1527777","30 / 45",50,40,"30 / 55","60 / 60","50 / 45","40 / 45","60 / 60",88,107,"45+","sa3004968"
"Josh Jung","3B","TEX",,4,"22.6805555","35 / 55",50,45,"30 / 50","55 / 55","45 / 40","45 / 50","55 / 55",87,,"45+","sa3011468"
"Anderson Tejeda","SS","TEX",,5,"22.4611111","30 / 40",50,35,"35 / 55","55 / 60","55 / 55","45 / 50","60 / 60",89,,"45+","19909"
"Yeison Santana","SS","SDP",,8,"19.8611111","25 / 55",45,55,"20 / 50","40 / 50","55 / 55","45 / 55","55 / 60",87,103,"45","sa3005730"
"Keoni Cavaco","3B","MIN",,7,"19.375","20 / 45",45,45,"25 / 55","55 / 60","60 / 55","40 / 50","55 / 55",85,103,"45","sa3010706"
"Gilberto Celestino","CF","MIN",,8,"21.6777777","35 / 55",55,55,"30 / 35","40 / 40","60 / 60","50 / 60","60 / 60",90,104,"45","sa914313"
"Blake Hunt","C","SDP",,10,"21.9361111","30 / 50",50,50,"30 / 40","50 / 55","40 / 30","45 / 50","60 / 60",88,103,"45","sa3004153"
"Cole Roederer","LF","CHC",,6,"21.0638888","35 / 55",45,55,"35 / 55","50 / 55","50 / 45","45 / 55","45 / 45",85,103,"45","sa3008184"
"Gabriel Moreno","C","TOR",,8,"20.675","25 / 50",45,60,"30 / 45","45 / 50","45 / 40","45 / 55","55 / 55",87,103,"45","sa3003226"
"Khalil Lee","RF","KCR",,8,"22.3083333","30 / 40",55,40,"35 / 45","55 / 60","55 / 50","45 / 55","60 / 60",89,108,"45","sa917996"
"Nick Loftin","SS","KCR",,9,"22.0611111","35 / 50",,,"30 / 45","50 / 50","55 / 55","45 / 50","60 / 60",89,102,"45",
"Pete Crow-Armstrong","CF","NYM",,8,"18.5611111","25 / 50",,,"20 / 40","45 / 50","60 / 60","50 / 70","50 / 50",,,"45",
"Cal Raleigh","C","SEA",,8,"23.8916666","35 / 40",55,40,"40 / 50","55 / 55","40 / 40","45 / 50","45 / 45",88,108,"45","sa3008377"
"Estevan Florial","CF","NYY",,8,"22.8944444","30 / 35",55,30,"40 / 55","60 / 60","70 / 70","45 / 50","80 / 80",90,110,"45","19151"
"Oswald Peraza","SS","NYY",,9,"20.3388888","35 / 60",50,55,"30 / 45","40 / 45","60 / 60","55 / 60","55 / 55",87,106,"45","sa3003305"
"Anthony Volpe","SS","NYY",,12,"19.4694444","25 / 55",50,55,"20 / 40","40 / 45","50 / 50","50 / 55","55 / 55",86,102,"45","sa3010868"
"Kyren Paris","SS","LAA",,5,"18.9333333","20 / 50",,,"20 / 45","45 / 55","60 / 60","45 / 55","60 / 60",,,"45","sa3011768"
"Will Wilson","2B","SFG",,7,"22.2388888","30 / 50",50,50,"30 / 45","50 / 50","50 / 50","45 / 50","50 / 50",86,103,"45","sa3009871"
"Arol Vera","SS","LAA",,6,"18.0972222","20 / 45",,,"20 / 55","40 / 60","50 / 45","45 / 50","55 / 60",,,"45",
"Luis Toribio","3B","SFG",,8,"20.0527777","20 / 50",50,50,"25 / 60","60 / 65","40 / 30","40 / 45","55 / 55",93,109,"45","sa3005541"
"Jeremiah Jackson","3B","LAA",,7,"20.5583333","30 / 40",45,40,"35 / 60","55 / 60","55 / 55","40 / 50","55 / 55",92,106,"45","sa3007740"
"Alexander Canario","RF","SFG",,9,"20.4444444","20 / 45",45,40,"25 / 60","55 / 60","50 / 45","40 / 50","60 / 60",90,107,"45","sa3003316"
"Michael Siani","CF","CIN",,8,"21.2527777","35 / 50",45,55,"30 / 35","40 / 45","60 / 60","55 / 65","60 / 60",83,100,"45","sa3008182"
"Kody Hoese","3B","LAD",,6,"23.2611111","35 / 50",50,50,"35 / 55","50 / 50","45 / 40","45 / 50","50 / 50",88,110,"45","sa3010021"
"Michael Busch","2B","LAD",,7,"22.9388888","35 / 55",60,50,"35 / 55","60 / 60","50 / 45","30 / 40","50 / 50",,106,"45","sa3011540"
"Miguel Vargas","3B","LAD",,8,"20.9166666","35 / 60",55,60,"30 / 50","50 / 55","45 / 40","40 / 45","55 / 55",89,104,"45","sa3006896"
"Logan Davidson","SS","OAK",,3,"22.8361111","30 / 45",50,50,"30 / 50","55 / 55","55 / 50","45 / 50","55 / 55",86,,"45","sa918676"
"Jacob Amaya","SS","LAD",,9,"22.1222222","35 / 60",70,60,"30 / 40","40 / 45","55 / 55","45 / 55","50 / 50",89,105,"45","sa3005081"
"Tyler Soderstrom","C","OAK",,4,"18.8972222","25 / 60",,,"20 / 50","45 / 55","40 / 40","30 / 45","50 / 50",,,"45",
"Nick Allen","SS","OAK",,6,"22.025","35 / 50",40,60,"20 / 30","30 / 30","50 / 50","55 / 70","60 / 60",85,,"45","sa3004723"
"Brayan Buelvas","CF","OAK",,7,"18.3583333","25 / 60",45,60,"20 / 50","45 / 50","60 / 55","45 / 55","55 / 55",89,,"45","sa3008868"
"Alex De Jesus","3B","LAD",,13,"18.5694444","20 / 50",40,55,"20 / 55","45 / 60","40 / 30","40 / 50","55 / 60",87,106,"45","sa3008842"
"Shea Langeliers","C","ATL",,7,"22.9138888","30 / 50",50,50,"30 / 50","55 / 55","35 / 30","50 / 55","60 / 60",88,106,"45","sa3010329"
"Braden Shewmake","SS","ATL",,8,"22.9111111","35 / 55",45,60,"30 / 40","45 / 50","55 / 55","50 / 55","55 / 55",88,103,"45","sa3010332"
"Alex Jackson","C","ATL",,10,"24.8111111","35 / 40",30,55,"50 / 55","70 / 70","30 / 30","45 / 50","60 / 60",91,112,"45","17276"
"Luis Garcia","SS","PHI",,4,"19.9888888","25 / 55",50,50,"20 / 40","45 / 50","55 / 55","50 / 55","60 / 60",81,101,"45","sa3007295"
"Rafael Marchan","C","PHI",,6,"21.6444444","35 / 60",50,70,"20 / 30","40 / 45","45 / 40","50 / 70","55 / 55",83,101,"45","21646"
"Simon Muzziotti","CF","PHI",,7,"21.8055555","35 / 60",35,60,"30 / 35","40 / 45","60 / 60","45 / 55","55 / 55",84,102,"45","sa917376"
"Mickey Moniak","CF","PHI",,8,"22.4277777","45 / 55",35,55,"30 / 45","45 / 50","55 / 55","50 / 55","50 / 50",88,106,"45","19956"
"Taylor Walls","SS","TBR",,8,"24.2694444","50 / 60",60,60,"35 / 40","40 / 40","50 / 50","50 / 55","50 / 50",88,102,"45","sa915802"
"Greg Jones","SS","TBR",,11,"22.6111111","30 / 45",50,40,"30 / 50","50 / 55","70 / 70","40 / 45","55 / 55",87,106,"45","sa3010151"
"Alejandro Pie","SS","TBR",,14,"18.7138888","20 / 50",40,50,"20 / 50","45 / 60","60 / 55","40 / 50","55 / 60",80,102,"45","sa3008754"
"Gunnar Henderson","3B","BAL",,6,"19.3","25 / 50",50,50,"20 / 50","50 / 55","50 / 50","45 / 55","60 / 60",85,104,"45","sa3011484"
"Connor Scott","CF","MIA",,10,"21.025","20 / 50",50,50,"20 / 50","50 / 55","70 / 65","45 / 55","50 / 60",88,105,"45","sa3008080"
"Ronaldo Hernandez","C","TBR",,15,"22.9333333","30 / 45",30,45,"40 / 50","60 / 60","30 / 30","40 / 45","70 / 70",87,110,"45","sa881850"
"Terrin Vavra","2B","BAL",,7,"23.4305555","35 / 55",60,45,"35 / 45","40 / 45","50 / 50","50 / 55","50 / 50",87,102,"45","sa3007643"
"Tyler Frank","2B","TBR",,17,"23.7555555","35 / 55",55,55,"30 / 40","45 / 45","50 / 50","45 / 50","45 / 45",86,107,"45","sa3006660"
"Ryan McKenna","CF","BAL",,9,"23.675","40 / 50",60,50,"30 / 35","45 / 45","70 / 70","55 / 60","50 / 50",88,107,"45","sa875055"
"Kameron Misner","RF","MIA",,13,"22.775","30 / 45",55,45,"30 / 60","65 / 70","60 / 55","50 / 55","55 / 55",87,106,"45","sa3011656"
"Jerar Encarnacion","RF","MIA",,14,"22.9861111","35 / 50",40,50,"45 / 55","60 / 60","30 / 30","40 / 45","55 / 55",91,109,"45","sa943817"
"Jordan Westburg","2B","BAL",,11,"21.6638888","35 / 55",50,45,"30 / 45","50 / 50","55 / 55","40 / 45","45 / 45",93,110,"45",
"Peyton Burdick","RF","MIA",,15,"23.6416666","30 / 45",50,50,"35 / 55","60 / 65","55 / 55","40 / 50","60 / 60",91,109,"45","sa3009876"
"Kyle Stowers","RF","BAL",,12,"22.7916666","30 / 45",50,45,"35 / 55","50 / 55","50 / 50","50 / 55","60 / 60",88,110,"45","sa1115829"
"Michael Toglia","1B","COL",,4,"22.1694444","35 / 55",55,45,"35 / 55","55 / 60","40 / 40","55 / 60","55 / 55",90,107,"45","sa3010393"
"Nasim Nunez","SS","MIA",,16,"20.1638888","25 / 55",45,45,"20 / 40","40 / 45","60 / 60","55 / 70","60 / 60",84,97,"45","sa3010695"
"Colton Welker","3B","COL",,5,"23.0222222","45 / 55",45,60,"40 / 45","50 / 50","35 / 30","45 / 45","55 / 55",87,104,"45","sa917962"
"Yusniel Diaz","RF","BAL",,14,"24.0277777","45 / 55",55,55,"40 / 50","50 / 50","50 / 50","50 / 55","55 / 55",88,109,"45","sa912848"
"Ji-Hwan Bae","SS","PIT",,11,"21.225","35 / 55",55,60,"30 / 40","35 / 45","65 / 65","40 / 50","50 / 55",85,99,"45","sa3006895"
"Rodolfo Castro","2B","PIT",,12,"21.4055555","30 / 40",40,45,"30 / 50","50 / 55","55 / 50","45 / 50","50 / 50",89,104,"45","sa917362"
"Wenceel Perez","SS","DET",,9,"20.9638888","25 / 55",55,50,"20 / 40","35 / 45","60 / 60","40 / 50","50 / 55",84,100,"45","sa3003326"
"Dillon Dingler","C","DET",,10,"22.0833333","35 / 50",50,55,"30 / 45","50 / 50","45 / 45","45 / 55","55 / 55",91,107,"45",
"Parker Meadows","CF","DET",,12,"20.9583333","20 / 45",50,45,"20 / 50","55 / 60","70 / 65","45 / 55","55 / 55",85,104,"45","sa3007943"
"Bobby Dalbec","3B","BOS",,4,"25.3","35 / 35",60,40,"50 / 55","70 / 70","40 / 40","50 / 55","70 / 70",92,110,"45","19966"
"Hudson Potts","3B","BOS",,5,"21.9694444","30 / 40",40,45,"45 / 50","60 / 60","40 / 40","40 / 45","55 / 55",89,112,"45","sa917936"
"Justin Foscue","2B","TEX",,7,"21.625","35 / 60",,60,"30 / 40","40 / 45","45 / 45","45 / 50","40 / 40",,,"45",
"Gilberto Jimenez","CF","BOS",,7,"20.275","25 / 55",40,60,"20 / 30","40 / 45","80 / 80","50 / 60","60 / 60",83,99,"45","sa3005507"
"Sherten Apostel","3B","TEX",,9,"21.6","40 / 50",70,45,"45 / 55","60 / 60","40 / 30","40 / 45","70 / 70",92,,"45","21794"
"Sam Huff","C","TEX",,11,"22.7583333","30 / 35",35,45,"40 / 55","70 / 70","20 / 20","35 / 45","60 / 60",91,109,"45","22209"
"Freudis Nova","3B","HOU",,2,"20.7638888","30 / 50",35,50,"35 / 55","50 / 60","50 / 45","40 / 50","70 / 70",83,104,"45","sa3003195"
"Robert Hassell","CF","SDP",,6,"19.1722222","25 / 60",,,"20 / 45","45 / 50","55 / 55","40 / 50","60 / 60",,,"45",
"Hudson Head","CF","SDP",,7,"19.525","25 / 60",50,60,"20 / 45","45 / 55","60 / 60","45 / 55","55 / 55",89,108,"45","sa3010889"
"Korey Lee","C","HOU",,5,"22.2277777","30 / 45",50,45,"30 / 50","55 / 55","45 / 40","40 / 50","55 / 55",89,108,"40+","sa3010034"
"Misael Urbina","CF","MIN",,9,"18.4722222","25 / 55",50,55,"25 / 50","45 / 50","55 / 50","40 / 50","40 / 45",81,98,"40+","sa3008743"
"Jeremy Pena","SS","HOU",,8,"23.0694444","30 / 45",45,50,"30 / 40","45 / 45","55 / 55","55 / 60","50 / 50",87,105,"40+","sa876320"
"Jose Miranda","3B","MIN",,10,"22.3","35 / 55",40,60,"30 / 50","50 / 50","50 / 45","40 / 45","55 / 55",89,104,"40+","sa917952"
"Reginald Preciado","3B","SDP",,12,"17.4194444","25 / 55",40,60,"20 / 50","40 / 60","40 / 40","40 / 50","50 / 55",,,"40+",
"Aaron Sabato","1B","MIN",,11,"21.3694444","35 / 55",,,"35 / 55","55 / 60","30 / 30","40 / 50","50 / 50",94,111,"40+",
"Wander Javier","SS","MIN",,12,"21.8","30 / 50",40,45,"30 / 45","45 / 55","55 / 50","45 / 55","60 / 60",85,103,"40+","sa917168"
"Tirso Ornelas","LF","SDP",,15,"20.6","35 / 55",55,45,"30 / 45","55 / 60","50 / 45","45 / 55","50 / 50",87,108,"40+","sa3004048"
"Matt Wallner","RF","MIN",,14,"22.8472222","30 / 45",60,40,"35 / 60","70 / 70","40 / 35","45 / 50","60 / 60",89,105,"40+","sa918808"
"Tucupita Marcano","SS","SDP",,16,"21.0861111","35 / 60",50,70,"20 / 30","30 / 40","60 / 60","45 / 50","55 / 55",82,100,"40+","sa3002857"
"Junior Perez","RF","SDP",,17,"19.2861111","25 / 55",55,45,"25 / 55","50 / 55","45 / 40","40 / 50","50 / 50",88,107,"40+","sa3005744"
"Chase Strumpf","2B","CHC",,7,"22.6083333","30 / 55",55,55,"25 / 40","50 / 50","50 / 50","45 / 50","50 / 50",87,101,"40+","sa3010845"
"Christopher Morel","3B","CHC",,12,"21.3138888","30 / 40",30,50,"35 / 55","55 / 60","40 / 40","40 / 50","60 / 60",86,107,"40+","sa3003171"
"Miguel Hiraldo","3B","TOR",,11,"20.1166666","25 / 55",40,55,"20 / 50","50 / 55","50 / 40","40 / 45","55 / 55",86,103,"40+","sa3005486"
"Rikelvin de Castro","SS","TOR",,13,"17.7333333","20 / 50",,,"20 / 35","30 / 45","60 / 55","45 / 60","50 / 55",,,"40+",
"MJ Melendez","C","KCR",,11,"21.8833333","20 / 30",50,20,"30 / 45","55 / 60","45 / 40","45 / 55","60 / 60",89,106,"40+","sa3004139"
"Seuly Matias","RF","KCR",,13,"22.1194444","20 / 30",30,40,"35 / 60","70 / 80","50 / 40","40 / 45","70 / 70",89,110,"40+","sa917039"
"Yermin Mercedes","DH","CHW",,10,"27.675","60 / 60",50,60,"50 / 50","60 / 60","30 / 30","30 / 30","55 / 55",89,109,"40+","17423"
"Micker Adolfo","RF","CHW",,11,"24.1","30 / 35",45,40,"50 / 60","70 / 70","40 / 40","40 / 40","50 / 50",95,114,"40+","sa830303"
"Antonio Cabello","CF","NYY",,14,"19.9611111","25 / 55",50,55,"30 / 50","55 / 55","65 / 60","45 / 50","55 / 55",81,104,"40+","sa3005600"
"Oswaldo Cabrera","2B","NYY",,16,"21.6277777","30 / 55",40,60,"20 / 40","40 / 45","50 / 50","45 / 50","50 / 50",90,105,"40+","sa916954"
"Austin Wells","RF","NYY",,19,"21.2638888","35 / 50",,,"35 / 50","55 / 55","45 / 45","35 / 45","40 / 40",,,"40+",
"Maikol Escotto","2B","NYY",,20,"18.3694444","20 / 45",55,40,"25 / 55","50 / 60","50 / 40","40 / 50","60 / 60",89,105,"40+","sa3008878"
"Everson Pereira","CF","NYY",,21,"19.5194444","25 / 50",,,"20 / 50","50 / 50","55 / 55","45 / 55","55 / 55",89,108,"40+","sa3007034"
"Canaan Smith","LF","NYY",,22,"21.4638888","30 / 45",60,45,"35 / 55","60 / 60","40 / 40","40 / 45","45 / 45",,109,"40+","sa3004279"
"Antonio Gomez","C","NYY",,23,"18.9277777","25 / 50",,,"20 / 45","45 / 50","30 / 20","40 / 50","80 / 80",87,102,"40+","sa3008746"
"Anthony Seigler","C","NYY",,24,"21.325","35 / 55",60,50,"30 / 35","45 / 45","45 / 40","50 / 55","60 / 60",85,99,"40+","sa3006894"
"Jaylin Davis","RF","SFG",,10,"26.2944444","40 / 40",55,40,"50 / 55","65 / 65","60 / 60","55 / 55","50 / 50",94,111,"40+","19552"
"Tyler Callihan","3B","CIN",,9,"20.3194444","35 / 55",40,55,"30 / 50","55 / 60","40 / 35","40 / 50","55 / 55",88,105,"40+","sa1169610"
"Alexander Ramirez","RF","LAA",,10,"18.1333333","20 / 40",45,40,"25 / 60","55 / 70","40 / 30","40 / 45","50 / 60",95,111,"40+","sa3008757"
"Jahmai Jones","2B","LAA",,11,"23.2027777","40 / 50",45,50,"40 / 45","50 / 50","60 / 60","40 / 45","45 / 45",88,109,"40+","18872"
"D'Shawn Knowles","CF","LAA",,12,"19.7527777","20 / 45",50,40,"20 / 45","45 / 50","70 / 70","45 / 55","60 / 60",85,103,"40+","sa3006889"
"William Holmes","RHP/CF","LAA",,13,"19.8222222","20 / 40",,,"20 / 50","45 / 55","55 / 50","40 / 50","70 / 70",81,101,"40+","sa3007744"
"Rece Hinds","RF","CIN",,13,"20.1166666","20 / 40",,,"25 / 60","65 / 70","45 / 40","40 / 50","60 / 60",87,105,"40+","sa1169587"
"Jairo Pomares","CF","SFG",,16,"20.2027777","25 / 55",45,55,"20 / 40","45 / 50","55 / 50","45 / 50","45 / 45",90,108,"40+","sa3010023"
"Trent Deveaux","CF","LAA",,15,"20.4527777","30 / 40",50,35,"30 / 50","45 / 55","70 / 70","40 / 55","50 / 55",88,102,"40+","sa3006885"
"Andy Young","2B","ARI",,17,"26.4361111","45 / 50",50,40,"45 / 55","55 / 55","40 / 40","40 / 40","50 / 50",88,108,"40+","19521"
"Stuart Fairchild","CF","ARI",,18,"24.5833333","45 / 55",50,55,"35 / 45","50 / 50","55 / 55","50 / 55","60 / 60",88,105,"40+","sa829822"
"Seth Beer","1B","ARI",,19,"24.0805555","35 / 40",55,40,"40 / 55","60 / 60","20 / 20","30 / 40","45 / 45",88,106,"40+","sa3006658"
"Blaze Alexander","SS","ARI",,21,"21.35","30 / 40",55,35,"20 / 45","50 / 55","45 / 40","45 / 50","80 / 80",87,104,"40+","sa3007742"
"Sheldon Neuse","3B","OAK",,8,"25.8527777","35 / 40",45,45,"35 / 55","60 / 60","40 / 40","45 / 50","60 / 60",91,,"40+","19635"
"Masyn Winn","RHP/SS","STL",,7,"18.5722222","20 / 40",40,45,"20 / 50","45 / 55","60 / 60","40 / 50","70 / 70",,,"40+",
"Austin Beck","CF","OAK",,9,"21.9055555","30 / 45",35,45,"30 / 55","60 / 60","60 / 55","40 / 50","60 / 60",88,,"40+","sa3004055"
"Jordan Walker","3B","STL",,8,"18.4027777","25 / 55",,,"20 / 55","60 / 70","50 / 45","45 / 50","55 / 55",,,"40+",
"Jhon Torres","RF","STL",,9,"20.55","30 / 50",55,45,"30 / 60","55 / 65","50 / 40","40 / 50","60 / 60",84,106,"40+","sa3003233"
"Luis Rodriguez","CF","LAD",,16,"18.0861111","25 / 55",,,"45 / 55","20 / 45","55 / 50","40 / 50","55 / 55",,,"40+",
"Jonah Heim","C","OAK",,11,"25.3055555","50 / 50",40,60,"30 / 30","50 / 50","30 / 30","55 / 55","60 / 60",88,103,"40+","16930"
"Tre Fletcher","CF","STL",,10,"19.4638888","20 / 40",40,40,"25 / 50","50 / 55","60 / 55","40 / 50","55 / 55",87,104,"40+","sa3010709"
"Lane Thomas","CF","STL",,14,"25.15","45 / 50",50,55,"40 / 45","50 / 50","55 / 55","60 / 60","55 / 55",91,108,"40+","16939"
"Gabriel Arias","SS","CLE",,16,"20.6388888","30 / 35",30,40,"35 / 50","55 / 60","55 / 55","55 / 60","60 / 60",88,106,"40+","sa3004047"
"Angel Martinez","SS","CLE",,18,"18.7361111","25 / 55",50,60,"20 / 45","40 / 50","60 / 60","40 / 50","55 / 60",84,98,"40+","sa3008762"
"Junior Sanquintin","SS","CLE",,19,"18.775","25 / 50",50,50,"25 / 50","45 / 55","55 / 50","40 / 50","55 / 60",84,102,"40+","sa3010863"
"Aaron Bracho","LF","CLE",,20,"19.4805555","25 / 55",60,55,"25 / 55","50 / 50","50 / 45","30 / 45","45 / 45",87,102,"40+","sa3010018"
"Gabriel Rodriguez","3B","CLE",,21,"18.6527777","20 / 40",40,30,"25 / 60","50 / 60","50 / 40","40 / 50","60 / 60",83,101,"40+","sa3008744"
"Carson Tucker","SS","CLE",,22,"18.7305555","20 / 45",,,"20 / 45","45 / 55","55 / 50","45 / 50","55 / 60",,,"40+",
"Jose Tena","SS","CLE",,26,"19.575","25 / 55",20,60,"20 / 50","40 / 50","55 / 55","40 / 50","55 / 55",85,106,"40+","sa3005482"
"Petey Halpin","CF","CLE",,27,"18.3916666","25 / 55",,,"20 / 40","40 / 45","60 / 60","45 / 50","60 / 60",,,"40+",
"Michael Harris","RF","ATL",,13,"19.6111111","20 / 45",50,45,"20 / 45","55 / 55","50 / 50","45 / 55","60 / 60",90,107,"40+","sa3010684"
"Johan Rojas","CF","PHI",,9,"20.175","20 / 45",30,50,"20 / 50","50 / 60","65 / 60","50 / 60","60 / 60",87,107,"40+","sa3005784"
"Casey Martin","SS","PHI",,11,"21.5277777","30 / 40",20,50,"35 / 50","55 / 60","80 / 80","45 / 50","55 / 55",,,"40+",
"Kendall Simmons","SS","PHI",,12,"20.5166666","20 / 35",40,40,"35 / 55","55 / 65","55 / 50","40 / 50","55 / 55",87,109,"40+","sa3006867"
"Nick Schnell","CF","TBR",,18,"20.5555555","30 / 40",30,45,"35 / 55","55 / 60","60 / 60","40 / 50","60 / 60",89,107,"40+","sa3007639"
"Kevin Padlo","3B","TBR",,20,"24.2555555","35 / 40",60,40,"45 / 50","60 / 60","40 / 40","45 / 45","50 / 50",92,109,"40+","sa828961"
"Abiezel Ramirez","SS","TBR",,21,"20.725","35 / 55",50,55,"30 / 45","50 / 55","60 / 60","40 / 50","60 / 60",89,100,"40+","sa3003282"
"Aaron Schunk","3B","COL",,6,"23.2305555","30 / 50",45,45,"30 / 50","50 / 55","45 / 45","50 / 55","60 / 60",88,106,"40+","sa3009957"
"Anthony Servideo","SS","BAL",,15,"21.6","30 / 50",55,45,"35 / 45","45 / 50","55 / 55","45 / 55","55 / 55",88,104,"40+",
"Osiris Johnson","3B","MIA",,19,"19.9972222","20 / 40",45,40,"25 / 50","55 / 60","50 / 40","40 / 50","50 / 50",87,106,"40+","sa3008110"
"Brenton Doyle","CF","COL",,8,"22.425","30 / 45",55,45,"30 / 50","60 / 60","60 / 60","40 / 50","55 / 55",87,106,"40+","sa3009965"
"Adam Hall","SS","BAL",,17,"21.4027777","30 / 50",45,50,"30 / 40","45 / 45","60 / 60","45 / 50","55 / 55",87,104,"40+","sa3005077"
"Drew Romo","C","COL",,9,"19.1333333","20 / 40",,35,"20 / 40","45 / 60","30 / 30","45 / 60","60 / 60",,,"40+",
"Victor Mesa Jr.","CF","MIA",,21,"19.1083333","25 / 55",50,55,"25 / 40","45 / 50","50 / 50","45 / 55","50 / 50",85,101,"40+","sa3010700"
"Coby Mayo","RF","BAL",,18,"18.8527777","20 / 45",45,55,"25 / 55","55 / 65","50 / 40","40 / 50","60 / 60",85,102,"40+",
"Diowill Burgos","RF","MIA",,22,"19.7166666","25 / 55",50,45,"25 / 55","45 / 55","40 / 35","40 / 50","45 / 50",89,107,"40+","sa3005740"
"Adael Amador","SS","COL",,11,"17.5166666","20 / 45",45,40,"20 / 40","40 / 50","60 / 60","45 / 55","55 / 60",,,"40+",
"Julio Carreras","SS","COL",,14,"20.7638888","30 / 45",45,40,"20 / 50","40 / 50","60 / 55","45 / 55","55 / 60",84,101,"40+","sa3005598"
"Cal Mitchell","RF","PIT",,14,"21.6083333","30 / 45",35,50,"35 / 50","45 / 50","40 / 40","40 / 50","45 / 45",86,103,"40+","sa3004258"
"Sammy Siani","CF","PIT",,15,"19.8416666","25 / 50",55,40,"20 / 45","45 / 50","55 / 55","45 / 50","40 / 40",83,99,"40+","sa3010704"
"Freddy Zamora","SS","MIL",,8,"21.9611111","35 / 60",,,"35 / 45","50 / 55","60 / 60","50 / 60","55 / 55",88,100,"40+",
"Daniel Cabrera","LF","DET",,13,"22.1166666","35 / 55",55,60,"30 / 50","50 / 55","45 / 45","45 / 50","50 / 50",93,104,"40+",
"Mason Martin","1B","PIT",,17,"21.375","30 / 40",60,50,"35 / 60","70 / 70","40 / 40","45 / 50","45 / 45",91,109,"40+","sa3004885"
"Nick Quintana","3B","DET",,14,"23.0111111","30 / 45",50,40,"30 / 50","55 / 55","40 / 40","50 / 60","55 / 55",87,105,"40+","sa3010390"
"Eduardo Garcia","SS","MIL",,11,"18.2694444","20 / 50",,,"20 / 50","30 / 50","45 / 50","40 / 60","50 / 60",,,"40+","sa3008751"
"Rodolfo Nolasco","OF","PIT",,19,"19.0666666","25 / 50",50,50,"20 / 55","50 / 55","50 / 40","40 / 50","55 / 55",89,107,"40+","sa3008907"
"Corey Ray","CF","MIL",,12,"26.0694444","30 / 35",55,30,"40 / 45","60 / 60","70 / 70","40 / 45","40 / 40",88,108,"40+","sa738510"
"Hedbert Perez","OF","MIL",,13,"17.5361111","25 / 60",,,"20 / 50","45 / 55","55 / 55","40 / 55","55 / 55",,,"40+",
"Jeisson Rosario","CF","BOS",,8,"20.9861111","45 / 60",65,60,"30 / 30","40 / 45","60 / 60","45 / 60","60 / 60",86,103,"40+","sa3004146"
"Matthew Lugo","SS","BOS",,9,"19.4388888","25 / 55",45,50,"20 / 45","40 / 50","55 / 55","45 / 50","55 / 55",80,97,"40+","sa1169598"
"Cameron Cannon","3B","BOS",,10,"23.0027777","35 / 55",55,50,"30 / 45","50 / 50","45 / 40","45 / 50","50 / 50",87,102,"40+","sa3011467"
"Maximo Acosta","SS","TEX",,12,"17.9666666","25 / 60",,,"20 / 45","40 / 50","50 / 45","40 / 50","50 / 50",,,"40+",
"Bayron Lora","LF","TEX",,13,"18.05","20 / 50",,,"25 / 60","60 / 70","40 / 30","40 / 50","45 / 45",,,"40+",
"Jonathan Ornelas","SS","TEX",,15,"20.3916666","30 / 50",50,45,"30 / 40","45 / 50","55 / 50","45 / 55","55 / 55",89,,"40+","sa3006909"
"Osleivis Basabe","SS","TEX",,16,"20.0944444","25 / 55",30,60,"20 / 40","45 / 50","60 / 60","40 / 50","55 / 55",90,,"40+","sa3006594"
"Keithron Moss","CF","TEX",,17,"19.1583333","25 / 55",50,60,"20 / 50","45 / 55","60 / 60","40 / 50","50 / 50",86,,"40+","sa3005599"
"Davis Wendzel","3B","TEX",,18,"23.4","35 / 50",55,50,"30 / 45","55 / 55","40 / 40","45 / 55","60 / 60",,,"40+","sa3011890"
"Steele Walker","CF","TEX",,20,"24.2138888","35 / 50",50,55,"30 / 45","60 / 60","60 / 45","45 / 50","45 / 45",89,,"40+","sa3008306"
"Marcus Smith","CF","TEX",,40,"20.1","25 / 55",,,"20 / 30","35 / 40","70 / 70","45 / 60","55 / 55",87,,"40","sa1169620"
"Diosbel Arias","SS","TEX",,41,"24.2388888","40 / 50",50,50,"30 / 40","45 / 45","50 / 50","50 / 55","55 / 55",87,,"40","sa3005308"
"Jordan Brewer","CF","HOU",,14,"23.2111111","20 / 40",45,40,"20 / 45","55 / 55","70 / 70","40 / 50","60 / 60",91,108,"40","sa3011737"
"Colin Barber","CF","HOU",,15,"19.8694444","20 / 45",45,55,"20 / 40","45 / 50","60 / 60","40 / 50","50 / 50",86,104,"40","sa3010696"
"Brent Rooker","1B","MIN",,17,"25.9611111","35 / 40",50,45,"50 / 60","65 / 65","40 / 40","40 / 45","35 / 35",92,109,"40","19627"
"Ismael Mena","CF","SDP",,20,"17.8805555","25 / 55",,,"20 / 45","40 / 50","60 / 60","40 / 50","40 / 45",,,"40",
"Grae Kessinger","SS","HOU",,17,"23.1444444","25 / 45",55,45,"20 / 40","50 / 50","50 / 50","45 / 50","55 / 55",86,102,"40","sa3010327"
"Yunior Severino","2B","MIN",,19,"21.0388888","30 / 40",55,40,"35 / 50","55 / 60","50 / 50","40 / 45","50 / 50",88,103,"40","sa3003185"
"Jorge Mateo","CF","SDP",,21,"25.3166666","35 / 40",30,50,"40 / 45","55 / 55","80 / 80","45 / 50","55 / 55",90,,"40","17273"
"Luis Santana","2B","HOU",,18,"21.2416666","35 / 60",45,60,"30 / 35","40 / 45","40 / 40","40 / 45","50 / 50",84,99,"40","sa921577"
"Esteury Ruiz","2B","SDP",,22,"21.6722222","30 / 45",35,45,"35 / 55","50 / 55","60 / 55","30 / 40","50 / 50",82,102,"40","sa917030"
"Jorge Ona","LF","SDP",,24,"23.7972222","35 / 40",50,45,"45 / 50","60 / 60","55 / 55","45 / 50","50 / 50",93,110,"40","20040"
"Benjamin Rortvedt","C","MIN",,23,"23.0611111","30 / 40",55,50,"30 / 40","50 / 50","30 / 30","40 / 45","55 / 55",86,103,"40","sa917942"
"Ronnier Quintero","C","CHC",,13,"17.9277777","20 / 50",,,"25 / 45","45 / 50","30 / 20","45 / 55","60 / 60",,,"40",
"Eguy Rosario","2B","SDP",,26,"21.1444444","35 / 55",50,55,"20 / 45","45 / 50","50 / 40","45 / 50","50 / 50",86,103,"40","sa917140"
"Kevin Made","SS","CHC",,14,"18.1027777","20 / 50",,,"20 / 45","35 / 50","55 / 55","45 / 55","50 / 55",,,"40",
"Ronnie Dawson","CF","HOU",,23,"25.4111111","30 / 35",55,40,"45 / 50","55 / 55","55 / 55","50 / 50","40 / 40",90,108,"40","sa873674"
"Travis Blankenhorn","2B","MIN",,25,"24.2055555","40 / 50",50,40,"40 / 45","55 / 55","40 / 40","40 / 40","50 / 50",91,106,"40","18395"
"Jordy Barley","SS","SDP",,27,"20.8722222","30 / 35",30,40,"30 / 45","50 / 55","60 / 60","50 / 55","60 / 60",86,107,"40","sa3004148"
"Dauri Lorenzo","SS","HOU",,24,"17.9666666","25 / 55",,,"25 / 45","40 / 50","50 / 50","45 / 50","50 / 50",,,"40",
"Spencer Steer","2B","MIN",,26,"22.8611111","35 / 50",50,55,"20 / 45","50 / 50","50 / 45","45 / 50","50 / 50",87,101,"40","sa3010586"
"Charlis Aquino","SS","SDP",,28,"18.9138888","20 / 50",,,"20 / 45","30 / 50","40 / 50","45 / 55","50 / 60",77,96,"40","sa3008895"
"Ethan Hearn","C","CHC",,16,"20.1305555","20 / 40",,,"25 / 45","50 / 55","40 / 30","45 / 55","60 / 60",87,106,"40","sa3011502"
"Akil Baddoo","CF","MIN",,27,"22.1694444","30 / 40",55,40,"30 / 45","50 / 55","60 / 60","40 / 50","40 / 40",88,105,"40","sa917953"
"Joshua Mears","LF","SDP",,29,"19.6694444","20 / 40",40,40,"25 / 60","65 / 70","50 / 40","40 / 50","55 / 55",85,111,"40","sa3010162"
"LaMonte Wade Jr","LF","MIN",,28,"26.7944444","45 / 45",55,55,"30 / 35","45 / 45","50 / 50","55 / 55","40 / 40",88,101,"40","18126"
"Dwanya Williams-Sutton","RF","SDP",,30,"23.2694444","30 / 35",50,40,"35 / 45","55 / 60","60 / 60","50 / 55","55 / 55",84,105,"40","sa875819"
"Will Holland","2B","MIN",,29,"22.4972222","30 / 40",50,40,"30 / 45","50 / 50","70 / 70","45 / 50","55 / 55",83,103,"40","sa3011204"
"Fabian Pertuz","3B","CHC",,19,"20.1277777","20 / 45",35,55,"20 / 50","45 / 50","50 / 50","40 / 50","50 / 50",84,102,"40","sa3005500"
"Garrett Stubbs","C","HOU",,28,"27.3916666","50 / 55",60,55,"30 / 30","40 / 40","50 / 50","55 / 55","55 / 55",85,102,"40","18067"
"Emmanuel Rodriguez","CF","MIN",,30,"17.6305555","25 / 60",,,"20 / 40","40 / 50","50 / 55","40 / 50","45 / 50",,,"40",
"Yohendrick Pinango","CF","CHC",,20,"18.4444444","25 / 55",50,55,"20 / 40","45 / 50","60 / 60","40 / 50","55 / 55",87,105,"40","sa3009539"
"Edouard Julien","LF","MIN",,31,"21.4638888","30 / 40",55,45,"35 / 55","55 / 55","40 / 40","40 / 45","40 / 40",88,103,"40",
"Trent Giambrone","2B","CHC",,21,"26.825","40 / 40",45,45,"45 / 45","50 / 50","55 / 55","45 / 45","50 / 50",88,107,"40","sa658813"
"Chas McCormick","RF","HOU",,30,"25.4944444","50 / 50",55,55,"45 / 50","55 / 55","50 / 50","55 / 55","50 / 50",90,105,"40","sa3004174"
"Luis Verdugo","SS","CHC",,22,"20.0138888","20 / 40",40,45,"20 / 45","45 / 50","45 / 50","50 / 60","55 / 60",87,102,"40","sa3006888"
"Aramis Ademan","SS","CHC",,24,"22.0944444","30 / 55",50,50,"30 / 45","45 / 45","45 / 50","45 / 50","55 / 55",83,100,"40","sa917352"
"Dasan Brown","CF","TOR",,16,"19.0611111","20 / 45",45,50,"20 / 35","40 / 45","80 / 80","40 / 60","50 / 50",,97,"40","sa3011717"
"Rafael Morel","SS","CHC",,28,"18.9027777","25 / 55",45,55,"20 / 40","40 / 45","60 / 60","40 / 50","50 / 55",86,104,"40","sa3009534"
"Kevin Smith","SS","TOR",,18,"24.2861111","30 / 35",45,30,"45 / 50","55 / 55","55 / 55","40 / 45","55 / 55",89,106,"40","sa915864"
"Leonardo Jimenez","SS","TOR",,19,"19.4166666","25 / 55",45,55,"20 / 30","40 / 45","50 / 50","45 / 55","55 / 55",83,98,"40","sa3006891"
"Estiven Machado","2B","TOR",,21,"18.0361111","25 / 60",,,"20 / 30","30 / 40","55 / 55","45 / 60","50 / 50",,,"40",
"Otto Lopez","SS","TOR",,22,"22.0444444","35 / 55",40,60,"20 / 30","40 / 45","60 / 60","40 / 45","50 / 50",85,103,"40","sa3004268"
"Riley Adams","C","TOR",,25,"24.3083333","30 / 40",45,40,"40 / 50","60 / 60","30 / 30","40 / 45","55 / 55",87,108,"40","sa829749"
"Will Robertson","RF","TOR",,27,"22.8083333","30 / 50",45,45,"30 / 50","60 / 60","40 / 35","40 / 50","50 / 50",87,102,"40","sa3009879"
"Shervyen Newton","SS","NYM",,12,"21.4805555","30 / 40",50,30,"30 / 50","55 / 65","50 / 50","40 / 50","55 / 55",87,103,"40","sa917119"
"Brady McConnell","SS","KCR",,15,"22.3972222","30 / 40",35,40,"30 / 50","55 / 55","60 / 60","45 / 50","55 / 55",88,106,"40","sa3010331"
"Kelvin Gutierrez","3B","KCR",,17,"26.1361111","50 / 55",40,60,"35 / 40","55 / 55","40 / 40","50 / 55","60 / 60",92,111,"40","17468"
"Endy Rodriguez","C","NYM",,15,"20.4472222","25 / 60",55,55,"20 / 40","35 / 45","45 / 40","45 / 60","50 / 50",90,99,"40","sa3008272"
"Jake Fraley","LF","SEA",,14,"25.3944444","50 / 50",45,55,"35 / 40","45 / 45","55 / 55","50 / 55","40 / 40",86,105,"40","19260"
"Isaiah Greene","CF","NYM",,16,"19.1333333","20 / 40",,35,"25 / 50","45 / 55","60 / 60","40 / 55","45 / 45",,,"40",
"Zach DeLoach","CF","SEA",,15,"22.1638888","30 / 50",,,"30 / 50","50 / 50","60 / 55","40 / 50","45 / 45",,,"40",
"Wilmin Candelario","SS","KCR",,19,"19.1","20 / 40",30,45,"20 / 50","45 / 55","60 / 55","40 / 55","60 / 60",81,99,"40","sa3008834"
"Jaylen Palmer","3B","NYM",,17,"20.2138888","20 / 40",45,30,"25 / 50","50 / 60","50 / 40","40 / 45","55 / 55",91,104,"40","sa3008297"
"Adrian Hernandez","CF","NYM",,18,"19.6916666","20 / 45",40,45,"25 / 50","50 / 55","50 / 55","40 / 50","50 / 50",90,104,"40","sa3005487"
"Braden Bishop","CF","SEA",,17,"27.1527777","40 / 40",45,40,"40 / 40","50 / 50","70 / 70","70 / 70","55 / 55",88,100,"40","17806"
"Lucius Fox","SS","KCR",,21,"23.2916666","40 / 50",55,55,"30 / 30","40 / 40","60 / 60","45 / 50","55 / 55",88,105,"40","sa914200"
"Jonatan Clase","CF","SEA",,18,"18.4","25 / 55",60,50,"20 / 40","40 / 45","70 / 70","45 / 60","45 / 45",81,97,"40","sa3008787"
"Nick Pratto","1B","KCR",,22,"22.0305555","30 / 45",55,40,"30 / 45","50 / 55","40 / 40","50 / 60","60 / 60",86,106,"40","sa3004138"
"Maikel Garcia","SS","KCR",,23,"20.6222222","35 / 55",40,60,"30 / 40","30 / 40","55 / 50","45 / 55","50 / 55",86,100,"40","sa3003246"
"Carlos Cortes","LF","NYM",,21,"23.2972222","30 / 45",50,60,"35 / 55","60 / 60","40 / 40","40 / 45","45 / 45",88,102,"40","sa3008079"
"Darryl Collins","LF","KCR",,24,"18.9194444","25 / 60",45,55,"20 / 50","50 / 55","45 / 40","40 / 50","40 / 40",82,100,"40","sa3010154"
"Alexander Ramirez","CF","NYM",,23,"17.7611111","20 / 50",,,"20 / 55","40 / 55","55 / 55","40 / 50","50 / 55",,,"40"," "
"Alberto Rodriguez","OF","SEA",,22,"20.0305555","25 / 55",50,45,"25 / 50","45 / 50","45 / 40","40 / 45","50 / 50",88,105,"40","sa3005603"
"Alberto Rodriguez","OF","SEA",,22,"20.0305555","25 / 55",50,45,"25 / 50","45 / 50","45 / 40","40 / 45","50 / 50",88,105,"40","sa3005603"
"Edward Olivares","CF","KCR",,26,"24.6138888","45 / 50",40,50,"40 / 45","50 / 50","55 / 55","50 / 55","60 / 60",87,104,"40","19698"
"Ali Sanchez","C","NYM",,24,"23.7416666","45 / 50",45,50,"30 / 30","40 / 40","30 / 30","55 / 55","55 / 55",86,,"40","18551"
"Blake Rutherford","LF","CHW",,15,"23.4583333","40 / 45",50,45,"45 / 50","50 / 50","50 / 50","50 / 50","40 / 40",87,106,"40","sa917932"
"Will Toffey","3B","NYM",,25,"25.7972222","40 / 50",70,40,"30 / 40","50 / 50","50 / 50","50 / 55","70 / 70",88,104,"40","sa829401"
"Carter Bins","C","SEA",,24,"22.4333333","30 / 40",50,30,"25 / 45","55 / 55","45 / 45","40 / 50","60 / 60",86,105,"40","sa1115884"
"Luis Gonzalez","RF","CHW",,16,"25.1027777","50 / 55",45,55,"30 / 35","45 / 45","55 / 55","45 / 50","50 / 50",87,103,"40","20332"
"Kaden Polcovich","2B","SEA",,25,"21.6555555","30 / 45",,,"30 / 45","50 / 50","60 / 60","30 / 45","40 / 40",,,"40",
"Benyamin Bailey","RF","CHW",,17,"19.0805555","25 / 55",,,"20 / 40","40 / 50","50 / 45","40 / 50","45 / 50",87,101,"40","sa3009343"
"Tyler Gentry","RF","KCR",,29,"21.7111111","30 / 45",40,50,"35 / 50","50 / 55","55 / 55","50 / 55","60 / 60",89,107,"40",
"Jose Rodriguez","SS","CHW",,18,"19.4277777","25 / 55",30,55,"20 / 40","45 / 50","55 / 55","40 / 50","50 / 50",88,106,"40","sa3005788"
"Yolbert Sanchez","SS","CHW",,19,"23.6222222","30 / 45",,,"40 / 45","20 / 40","60 / 60","50 / 55","60 / 60",89,101,"40","sa3011471"
"Drew Mendoza","1B","WSN",,12,"23.0194444","30 / 45",70,40,"40 / 55","60 / 65","45 / 40","40 / 50","55 / 55",95,107,"40","sa3011256"
"Gavin Sheets","1B","CHW",,20,"24.4833333","45 / 50",50,55,"45 / 50","70 / 70","30 / 30","40 / 50","40 / 40",88,110,"40","sa829797"
"Yasel Antuna","3B","WSN",,13,"20.975","20 / 45",45,50,"20 / 50","45 / 55","55 / 50","40 / 50","55 / 55",86,103,"40","sa962601"
"Jeison Guzman","SS","KCR",,33,"22.025","45 / 50",35,50,"30 / 35","45 / 45","55 / 55","55 / 60","60 / 60",86,104,"40","sa914314"
"Jeremy De La Rosa","RF","WSN",,14,"18.7527777","20 / 50",45,45,"20 / 55","50 / 60","40 / 30","35 / 45","50 / 50",89,107,"40","sa3011329"
"Brewer Hicklen","LF","KCR",,34,"24.6888888","35 / 40",45,40,"40 / 45","55 / 55","70 / 70","50 / 55","55 / 55",89,106,"40","sa3004159"
"Israel Pineda","C","WSN",,15,"20.5388888","25 / 50",40,40,"20 / 40","45 / 50","30 / 20","40 / 45","55 / 55",85,106,"40","sa3004385"
"Seby Zavala","C","CHW",,23,"27.1361111","30 / 30",50,35,"40 / 45","55 / 55","30 / 30","50 / 50","50 / 50",87,104,"40","18887"
"Michael Massey","2B","KCR",,35,"22.5694444","35 / 55",40,55,"30 / 45","45 / 50","50 / 50","45 / 55","40 / 40",86,105,"40","sa1115910"
"Josh Smith","2B","NYY",,25,"23.1944444","30 / 50",55,60,"30 / 45","50 / 50","50 / 50","45 / 50","55 / 55",88,104,"40","sa3011703"
"Ryder Green","RF","NYY",,28,"20.45","30 / 40",55,40,"35 / 55","65 / 70","55 / 50","45 / 50","60 / 60",89,108,"40","sa3007875"
"Allan Cerda","RF","CIN",,14,"20.8972222","30 / 40",55,40,"35 / 55","50 / 60","50 / 50","40 / 50","60 / 60",89,106,"40","sa3005504"
"Ivan Johnson","2B","CIN",,15,"22.0166666","30 / 50",50,45,"30 / 45","50 / 55","60 / 60","40 / 45","45 / 45",87,105,"40","sa1169627"
"Josh Breaux","C","NYY",,32,"23.0277777","30 / 40",,,"30 / 50","60 / 65","30 / 30","40 / 45","65 / 65",91,108,"40","sa3008051"
"David Calabrese","CF","LAA",,18,"18.0583333","25 / 55",,,"20 / 40","40 / 45","60 / 60","45 / 55","40 / 40",,,"40",
"TJ Friedl","CF","CIN",,18,"25.175","45 / 55",50,50,"30 / 35","40 / 40","70 / 70","50 / 55","45 / 45",84,103,"40","sa943754"
"Raimfer Salinas","CF","NYY",,35,"19.7972222","25 / 50",45,30,"20 / 50","50 / 55","60 / 55","45 / 55","60 / 60",82,101,"40","sa3005597"
"Casey Schmitt","3B/RHP","SFG",,21,"21.6277777","30 / 45",,,"35 / 50","55 / 60","35 / 30","45 / 55","60 / 60",,,"40",
"Adrian Placencia","2B","LAA",,20,"17.375","25 / 55",,,"20 / 40","35 / 45","40 / 40","40 / 50","45 / 45",,,"40",
"Leonardo Rivas","2B","LAA",,21,"23.0194444","35 / 50",60,50,"20 / 30","35 / 40","70 / 70","45 / 50","50 / 50",86,101,"40","sa872542"
"Anthony Garcia","RF","NYY",,37,"20.1166666","20 / 40",50,45,"25 / 60","70 / 80","50 / 40","40 / 45","55 / 55",88,107,"40","sa3005924"
"Jackson Miller","C","CIN",,21,"18.7888888","20 / 45",,40,"25 / 45","40 / 50","40 / 30","30 / 45","50 / 50",,97,"40",
"Orlando Martinez","LF","LAA",,22,"22.6666666","40 / 50",40,55,"40 / 45","50 / 50","45 / 45","55 / 55","55 / 55",87,105,"40","sa3006664"
"Ricardo Genoves","C","SFG",,24,"21.425","30 / 50",50,40,"30 / 45","55 / 60","20 / 20","45 / 50","60 / 60",90,108,"40","sa916844"
"Marcos Cabrera","3B","NYY",,39,"19.0194444","",45,50,"","45 / 55","50 / 45","45 / 50","60 / 60",88,100,"40","sa3008890"
"P.J. Hilson","CF","SFG",,25,"20.1444444","20 / 35",40,30,"25 / 45","50 / 55","70 / 70","45 / 55","70 / 70",87,107,"40","sa3007048"
"Jameson Hannah","LF","CIN",,23,"23.1861111","45 / 55",45,60,"30 / 35","45 / 45","60 / 60","45 / 60","40 / 40",87,104,"40","sa3007046"
"Werner Blakely","3B","LAA",,24,"18.6555555","20 / 45",,,"20 / 50","40 / 60","45 / 40","35 / 55","50 / 55",,,"40",
"Dilan Rosario","SS","SFG",,26,"19.3361111","20 / 40",40,40,"25 / 50","50 / 55","60 / 55","40 / 50","40 / 50",86,104,"40","sa3010165"
"Trevor Hauver","2B","NYY",,41,"21.9083333","30 / 45",70,45,"35 / 50","50 / 50","40 / 40","30 / 40","45 / 45",,,"40",
"Aeverson Arteaga","SS","SFG",,27,"17.5861111","20 / 50",,,"20 / 40","30 / 45","60 / 55","45 / 60","55 / 60",,,"40",
"Luis Alexander Basabe","CF","SFG",,29,"24.1416666","35 / 45",55,40,"35 / 45","50 / 50","60 / 60","40 / 45","60 / 60",86,102,"40","17839"
"Dominic Fletcher","RF","ARI",,23,"23.125","30 / 50",40,50,"40 / 50","55 / 55","45 / 40","50 / 55","55 / 55",89,108,"40","sa1115778"
"Jeferson Espinal","CF","ARI",,24,"18.3611111","20 / 50",40,40,"20 / 45","40 / 50","60 / 60","45 / 60","45 / 45",81,97,"40","sa3008793"
"Kean Wong","2B","SFG",,32,"25.5","50 / 50",50,55,"30 / 30","35 / 35","50 / 50","50 / 50","50 / 50",84,103,"40","15994"
"Jose Siri","CF","SFG",,33,"25.2361111","30 / 35",30,50,"45 / 50","55 / 55","60 / 60","45 / 50","60 / 60",88,,"40","sa736940"
"Pavin Smith","1B","ARI",,28,"24.6972222","45 / 55",60,65,"40 / 45","50 / 50","40 / 40","40 / 40","45 / 45",89,106,"40","19892"
"Domingo Leyba","2B","ARI",,29,"25.1","55 / 60",40,50,"30 / 30","40 / 40","45 / 45","45 / 50","50 / 50",87,104,"40","16404"
"Jorge Barrosa","CF","ARI",,31,"19.6666666","25 / 60",50,60,"30 / 40","35 / 40","55 / 55","45 / 60","50 / 50",85,98,"40","sa3005524"
"Buddy Kennedy","3B","ARI",,32,"22.0333333","35 / 55",55,60,"35 / 50","50 / 55","35 / 30","35 / 40","50 / 50",88,106,"40","sa3004617"
"Alvin Guzman","CF","ARI",,33,"18.9916666","20 / 40",35,30,"20 / 50","45 / 55","60 / 60","40 / 55","70 / 70",87,101,"40","sa3008748"
"Drew Ellis","3B","ARI",,35,"24.8777777","35 / 45",60,55,"45 / 55","60 / 60","40 / 30","40 / 45","50 / 50",89,106,"40","sa3004687"
"Neyfy Castillo","1B","ARI",,36,"19.625","20 / 45",50,45,"35 / 60","50 / 60","45 / 40","40 / 50","45 / 45",89,107,"40","sa3005544"
"DJ Peters","CF","LAD",,19,"24.8472222","30 / 35",50,40,"45 / 55","70 / 70","60 / 50","45 / 50","60 / 60",89,110,"40","sa829712"
"Skye Bolt","CF","OAK",,16,"26.7555555","40 / 40",55,45,"40 / 45","50 / 50","60 / 60","50 / 50","55 / 55",90,,"40","17723"
"Edmundo Sosa","SS","STL",,15,"24.6138888","45 / 50",30,55,"30 / 35","45 / 45","50 / 50","55 / 55","50 / 50",87,106,"40","17022"
"Vimael Machin","UTIL","OAK",,17,"27.0611111","60 / 60",60,60,"35 / 35","40 / 40","30 / 30","45 / 45","50 / 50",89,108,"40","17684"
"Elehuris Montero","3B","STL",,16,"22.1666666","35 / 50",30,55,"35 / 50","55 / 60","40 / 40","40 / 45","55 / 55",88,106,"40","sa872477"
"Omar Estevez","2B","LAD",,23,"22.6444444","45 / 55",50,55,"40 / 45","50 / 50","30 / 30","40 / 40","45 / 45",88,107,"40","sa914242"
"Jordan Diaz","3B","OAK",,19,"20.1777777","25 / 60",40,60,"20 / 40","50 / 55","45 / 40","40 / 45","50 / 50",88,,"40","sa3003221"
"Cody Thomas","RF","LAD",,25,"26.025","30 / 35",50,40,"45 / 55","60 / 60","55 / 55","50 / 55","55 / 55",90,108,"40","sa738459"
"Jeremy Eierman","SS","OAK",,20,"24.1027777","30 / 40",40,40,"35 / 50","60 / 60","50 / 45","40 / 45","60 / 60",87,,"40","sa3007005"
"Luken Baker","1B","STL",,19,"23.6027777","30 / 45",55,45,"35 / 60","70 / 70","30 / 20","40 / 45","60 / 60",91,109,"40","sa3008267"
"Jhoan Paulino","3B","OAK",,21,"19.35","20 / 45",35,50,"25 / 50","50 / 55","40 / 40","40 / 45","55 / 55",85,,"40","sa3005563"
"Zach McKinstry","2B","LAD",,27,"25.4666666","50 / 50",40,55,"35 / 40","45 / 45","55 / 55","60 / 60","55 / 55",88,104,"40","19392"
"Kyle McCann","1B","OAK",,22,"22.875","30 / 45",40,40,"35 / 55","60 / 60","30 / 30","40 / 50","50 / 50",91,,"40","sa1159677"
"Juan Yepez","1B","STL",,22,"22.6611111","40 / 45",40,45,"40 / 50","60 / 60","40 / 40","45 / 50","55 / 55",89,107,"40","sa877505"
"Jorbit Vivas","2B","LAD",,29,"19.6055555","25 / 55",45,55,"25 / 45","35 / 40","45 / 45","40 / 50","50 / 50",84,103,"40","sa3005511"
"Drew Millas","C","OAK",,24,"22.7555555","30 / 50",,,"30 / 45","60 / 60","50 / 45","40 / 50","55 / 55",,,"40",
"Malcom Nunez","1B","STL",,25,"19.6055555","25 / 50",45,50,"20 / 55","55 / 60","30 / 20","30 / 45","55 / 55",90,106,"40","sa3008113"
"Cristian Santana","3B","LAD",,32,"23.6472222","30 / 45",20,60,"40 / 55","60 / 65","40 / 40","50 / 60","70 / 70",90,109,"40","sa392969"
"Alexfri Planez","RF","CLE",,29,"19.1666666","20 / 40",30,35,"25 / 55","50 / 60","45 / 45","40 / 50","60 / 60",84,108,"40","sa3005515"
"Vaughn Grissom","SS","ATL",,15,"19.7833333","20 / 45",45,45,"25 / 50","50 / 55","50 / 50","40 / 50","55 / 55",84,103,"40","sa3010711"
"Owen Miller","SS","CLE",,31,"23.9222222","40 / 50",50,55,"30 / 40","50 / 50","45 / 45","45 / 50","55 / 55",86,103,"40","sa3006673"
"Richard Palacios","2B","CLE",,32,"23.4194444","35 / 60",60,60,"30 / 40","40 / 40","65 / 65","45 / 50","50 / 50",,,"40","sa3006908"
"Jose Fermin","SS","CLE",,33,"21.55","35 / 60",45,70,"20 / 30","30 / 35","55 / 55","50 / 55","55 / 55",84,98,"40","sa917339"
"Bobby Bradley","DH","CLE",,34,"24.3833333","30 / 35",60,35,"50 / 55","65 / 60","20 / 20","40 / 45","50 / 50",93,110,"40","17278"
"Milan Tolentino","SS","CLE",,37,"18.9166666","25 / 50",,,"20 / 30","30 / 40","55 / 55","45 / 60","55 / 55",,,"40",
"Yordys Valdes","SS","CLE",,38,"19.1694444","20 / 40",45,35,"20 / 40","40 / 45","55 / 55","50 / 60","50 / 50",80,99,"40","sa3010037"
"Will Benson","RF","CLE",,40,"22.3361111","30 / 35",60,35,"40 / 60","70 / 70","55 / 50","45 / 50","80 / 80",90,107,"40","sa917927"
"Ernie Clement","SS","CLE",,44,"24.5694444","50 / 60",45,70,"30 / 35","40 / 40","70 / 70","40 / 40","50 / 50",85,105,"40","sa915732"
"Andres Melendez","C","CLE",,45,"19.4055555","25 / 50",50,55,"20 / 35","45 / 50","45 / 40","45 / 55","55 / 55",88,103,"40","sa3005523"
"Jamari Baylor","2B","PHI",,13,"20.2","20 / 50",,,"20 / 45","50 / 55","55 / 55","40 / 50","50 / 55",,,"40","sa3011446"
"Nick Maton","SS","PHI",,15,"23.6638888","30 / 45",55,45,"30 / 40","45 / 45","55 / 55","50 / 55","60 / 60",87,103,"40","sa876186"
"Jhailyn Ortiz","RF","PHI",,18,"21.9138888","30 / 40",35,45,"35 / 60","70 / 70","40 / 30","35 / 40","60 / 60",88,110,"40","sa920180"
"Rodolfo Duran","C","PHI",,20,"22.6611111","35 / 45",35,50,"35 / 40","50 / 50","40 / 40","50 / 55","55 / 55",89,107,"40","sa877500"
"Ford Proctor","SS","TBR",,22,"23.8694444","35 / 60",55,55,"30 / 40","40 / 40","45 / 45","50 / 50","50 / 50",88,104,"40","sa876187"
"Moises Gomez","RF","TBR",,23,"22.1388888","30 / 40",40,50,"40 / 55","60 / 60","50 / 40","45 / 50","55 / 55",92,110,"40","sa875163"
"Jhon Diaz","CF","TBR",,24,"18.0444444","25 / 55",,,"20 / 40","40 / 45","55 / 55","45 / 50","55 / 55",,,"40",
"Cadyn Grenier","SS","BAL",,19,"23.9638888","30 / 35",55,40,"35 / 45","50 / 50","70 / 70","50 / 55","60 / 60",87,105,"40","sa3008140"
"Curtis Mead","2B","TBR",,28,"19.975","25 / 60",40,50,"20 / 50","45 / 55","45 / 40","40 / 50","50 / 50",89,103,"40","sa3008392"
"Rylan Bannon","3B","BAL",,21,"24.4861111","50 / 55",55,60,"40 / 45","45 / 45","50 / 50","40 / 40","45 / 45",86,105,"40","sa3004162"
"Alika Williams","SS","TBR",,30,"21.5972222","35 / 55",,60,"20 / 30","35 / 40","60 / 60","50 / 60","55 / 55",,,"40",
"Hudson Haskin","CF","BAL",,22,"21.7972222","35 / 55",55,60,"30 / 40","50 / 50","60 / 60","45 / 55","60 / 60",87,109,"40",
"Will Banfield","C","MIA",,26,"20.9138888","30 / 40",50,40,"35 / 50","55 / 55","50 / 45","45 / 55","60 / 60",86,104,"40","sa3007973"
"Pedro Martinez","2B","TBR",,31,"19.7194444","25 / 55",55,55,"20 / 50","45 / 50","45 / 40","40 / 50","50 / 50",86,100,"40","sa3005795"
"Tyler Nevin","1B","BAL",,23,"23.3833333","50 / 55",50,60,"40 / 45","50 / 55","35 / 35","40 / 45","50 / 50",89,105,"40","sa874752"
"Grant Lavigne","1B","COL",,15,"21.1388888","30 / 50",55,45,"30 / 55","50 / 55","40 / 30","40 / 50","50 / 50",86,107,"40","sa3007743"
"Tristan Gray","1B","TBR",,32,"24.5694444","45 / 50",60,60,"40 / 45","45 / 45","40 / 40","45 / 50","50 / 50",88,106,"40","sa829756"
"Tanner Dodson","RHP","TBR",,33,"23.4388888","35 / 55",45,50,"30 / 30","40 / 40","60 / 60","40 / 45","80 / 80",,103,"40","sa3007008"
"Eddy Diaz","2B","COL",,18,"20.675","25 / 55",45,55,"20 / 40","40 / 45","60 / 60","45 / 50","50 / 50",87,105,"40","sa3004979"
"Griffin Conine","RF","MIA",,30,"23.2666666","30 / 35",55,30,"35 / 60","70 / 70","45 / 40","45 / 50","60 / 60",94,112,"40","sa876060"
"Ramon Urias","2B","BAL",,28,"26.3722222","55 / 55",45,55,"40 / 40","45 / 45","40 / 40","40 / 40","40 / 40",91,107,"40","18795"
"Jose Devers","2B","MIA",,32,"20.8611111","35 / 60",45,60,"20 / 30","35 / 40","60 / 60","50 / 55","55 / 55",81,100,"40","sa3003295"
"Darell Hernaiz","SS","BAL",,30,"19.2055555","25 / 50",50,50,"20 / 45","45 / 50","50 / 45","40 / 50","55 / 55",84,104,"40","sa3011309"
"Ezequiel Tovar","SS","COL",,22,"19.2111111","20 / 50",40,40,"20 / 30","30 / 40","55 / 55","50 / 60","50 / 55",82,102,"40","sa3008239"
"Brian Miller","CF","MIA",,35,"25.1583333","45 / 55",45,55,"20 / 30","45 / 45","55 / 55","45 / 50","40 / 40",85,101,"40","sa915826"
"Victor Victor Mesa","CF","MIA",,36,"24.2416666","40 / 50",30,55,"20 / 30","50 / 50","60 / 60","60 / 60","70 / 70",87,102,"40","sa3008602"
"Jose De La Cruz","RF","DET",,17,"18.7888888","20 / 50",45,45,"25 / 55","50 / 60","45 / 30","40 / 50","60 / 60",90,109,"40","sa3008747"
"Kevin Kramer","2B","PIT",,22,"27.0388888","45 / 50",45,50,"40 / 45","45 / 45","40 / 40","40 / 45","50 / 50",88,104,"40","17689"
"Bryant Packard","LF","DET",,19,"23.0305555","30 / 45",55,50,"35 / 55","55 / 55","30 / 30","40 / 45","40 / 40",86,106,"40","sa3010590"
"Zack Short","SS","DET",,20,"25.3833333","35 / 40",60,40,"45 / 45","45 / 45","45 / 45","50 / 50","50 / 50",87,107,"40","sa873287"
"Joe Gray","CF","MIL",,16,"20.5972222","30 / 40",,,"30 / 50","50 / 60","55 / 50","45 / 50","60 / 60",85,106,"40","sa3008005"
"Jake Rogers","C","DET",,21,"25.4972222","30 / 40",50,35,"40 / 50","50 / 50","40 / 40","70 / 80","60 / 60",90,105,"40","19452"
"Gage Workman","3B","DET",,22,"20.9805555","30 / 40",50,40,"30 / 50","50 / 55","40 / 40","45 / 55","55 / 55",92,110,"40",
"Jared Triolo","3B","PIT",,26,"22.6916666","30 / 50",55,50,"30 / 45","50 / 50","45 / 45","50 / 55","55 / 55",89,104,"40","sa3010272"
"Jarren Duran","CF","BOS",,12,"24.1166666","45 / 50",45,45,"30 / 40","45 / 45","70 / 70","35 / 45","40 / 40",88,106,"40","sa3006786"
"Carlos Rodriguez","CF","MIL",,19,"19.8611111","25 / 60",30,60,"20 / 30","30 / 40","70 / 70","45 / 60","50 / 50",86,97,"40","sa3005478"
"Adinso Reyes","3B","DET",,24,"18.9861111","20 / 50",,,"25 / 50","50 / 55","50 / 45","40 / 50","50 / 50",89,107,"40","sa3008750"
"Colt Keith","SS/RHP","DET",,25,"19.175","25 / 55",,55,"25 / 50","45 / 50","40 / 35","40 / 50","55 / 55",,,"40",
"Payton Henry","C","MIL",,21,"23.3138888","30 / 40",,,"20 / 45","60 / 60","30 / 30","40 / 50","55 / 55",89,106,"40","sa918019"
"Kody Clemens","2B","DET",,26,"24.4222222","30 / 50",50,50,"30 / 45","50 / 50","45 / 45","40 / 45","50 / 50",89,104,"40","sa3008002"
"Thomas Dillard","1B","MIL",,22,"23.1361111","30 / 40",60,45,"35 / 60","65 / 65","35 / 35","40 / 45","50 / 50",90,111,"40","sa3011308"
"Nick Decker","RF","BOS",,16,"21.0416666","30 / 40",55,40,"35 / 55","55 / 60","50 / 45","40 / 50","55 / 55",87,101,"40","sa3008590"
"Jack Kenley","2B","DET",,27,"23.025","35 / 55",50,45,"30 / 40","45 / 50","50 / 50","45 / 50","50 / 50",82,101,"40","sa3010718"
"Hayden Cantrelle","2B","MIL",,23,"21.8944444","30 / 40",40,55,"30 / 45","45 / 50","60 / 60","35 / 45","45 / 45",80,98,"40",
"Jack Herman","RF","PIT",,31,"21.0472222","30 / 40",50,40,"35 / 55","50 / 55","40 / 40","40 / 50","60 / 60",89,103,"40","sa3007877"
"Ryan Kreidler","3B","DET",,28,"22.9305555","35 / 50",50,50,"30 / 40","45 / 45","45 / 45","45 / 50","55 / 55",86,102,"40","sa3010587"
"David Hamilton","SS","MIL",,24,"23.05","30 / 50",,,"30 / 40","40 / 45","55 / 55","45 / 55","50 / 50",,,"40",
"Lolo Sanchez","CF","PIT",,32,"21.4833333","35 / 50",40,55,"20 / 45","30 / 45","60 / 60","45 / 55","55 / 55",82,101,"40","sa917767"
"Connor Wong","C","BOS",,18,"24.4111111","30 / 35",30,45,"40 / 45","50 / 50","50 / 50","45 / 50","50 / 50",88,106,"40","sa873978"
"Trei Cruz","SS","DET",,29,"22.2833333","30 / 50",55,55,"30 / 35","40 / 40","50 / 50","40 / 50","50 / 50",85,105,"40",
"Antoni Flores","SS","BOS",,19,"20.0083333","20 / 50",50,40,"20 / 50","45 / 55","50 / 45","45 / 55","60 / 60",84,99,"40","sa3005489"
"Roberto Campos","RF","DET",,30,"17.3416666","20 / 50",,,"25 / 55","55 / 60","45 / 40","40 / 50","50 / 50",,,"40",
"Joey Wiemer","RF","MIL",,26,"21.6833333","30 / 40",,,"30 / 50","50 / 55","45 / 40","40 / 50","60 / 60",94,110,"40",
"Jason Martin","RF","PIT",,34,"25.1166666","45 / 50",55,50,"40 / 45","50 / 50","50 / 50","45 / 50","50 / 50",87,104,"40","16429"
"Brainer Bonaci","SS","BOS",,20,"18.2722222","25 / 55",45,50,"20 / 40","45 / 50","55 / 50","40 / 50","70 / 70",88,99,"40","sa3008836"
"Nick Kahle","C","MIL",,27,"22.6305555","30 / 50",,,"30 / 40","45 / 45","30 / 30","45 / 50","45 / 45",94,102,"40","sa1115979"
"Blaze Jordan","1B","BOS",,21,"17.8277777","25 / 55",50,55,"30 / 55","55 / 60","35 / 30","40 / 60","50 / 50",82,103,"40",
"David Fry","C","MIL",,28,"24.9083333","35 / 45",50,45,"35 / 45","50 / 50","35 / 35","40 / 45","50 / 50",88,103,"40","sa3006787"
"Zavier Warren","3B","MIL",,29,"21.775","35 / 50",55,40,"30 / 40","45 / 45","50 / 50","30 / 45","60 / 60",96,102,"40",
"David Garcia","C","TEX",,24,"20.6972222","35 / 55",55,55,"20 / 40","40 / 45","40 / 30","45 / 55","55 / 55",87,,"40","sa3003197"
"Bryan Gonzalez","RF","BOS",,24,"19.0805555","20 / 45",50,40,"25 / 55","50 / 60","40 / 30","35 / 45","45 / 45",87,102,"40","sa3008805"
"Micah Bello","CF","MIL",,31,"20.2388888","25 / 55",45,55,"20 / 30","40 / 45","50 / 50","45 / 55","55 / 55",83,102,"40","sa3006883"
"Brandon Howlett","3B","BOS",,25,"21.0972222","20 / 50",55,40,"35 / 50","55 / 60","40 / 40","40 / 50","50 / 50",86,103,"40","sa3007745"
"Korry Howell","CF","MIL",,32,"22.1277777","30 / 45",55,40,"30 / 35","35 / 40","70 / 70","40 / 45","40 / 45",83,101,"40","sa3008238"
"Yonny Hernandez","SS","TEX",,26,"22.4527777","45 / 60",60,60,"20 / 30","30 / 30","60 / 60","50 / 55","50 / 50",82,,"40","sa872473"
"C.J. Chatham","SS","BOS",,26,"25.8194444","35 / 45",40,40,"30 / 40","45 / 45","50 / 50","50 / 55","60 / 60",87,102,"40","sa873984"
"Jonathan Arauz","2B","BOS",,27,"22.2055555","45 / 55",60,45,"20 / 30","40 / 45","45 / 45","50 / 55","55 / 55",88,105,"40","20275"
"Luisangel Acuna","SS","TEX",,28,"18.5972222","20 / 50",,,"20 / 45","40 / 45","55 / 55","45 / 50","55 / 55",,,"40","sa3008765"
"Randy Florentino","C","TEX",,30,"20.2833333","25 / 55",60,50,"20 / 40","40 / 45","45 / 40","35 / 50","55 / 55",87,,"40","sa3005529"
"Bubba Thompson","CF","TEX",,31,"22.3555555","30 / 35",40,30,"30 / 45","50 / 55","60 / 60","45 / 50","45 / 45",89,,"40","sa3004140"
"Pedro Gonzalez","CF","TEX",,32,"22.9722222","30 / 35",45,40,"40 / 50","55 / 60","55 / 50","45 / 50","55 / 55",89,,"40","sa872568"
"Eli White","2B","TEX",,35,"26.3083333","50 / 55",50,55,"30 / 35","45 / 45","60 / 60","50 / 50","50 / 50",87,,"40","19346"
"Zion Bannister","CF","TEX",,42,"19.1055555","20 / 45",,,"20 / 45","45 / 55","60 / 60","30 / 50","40 / 45",,,"35+","sa3011828"
"Evan Carter","CF","TEX",,43,"18.1333333","20 / 45",,,"20 / 45","45 / 50","55 / 55","40 / 50","50 / 50",,,"35+",
"Chris Seise","SS","TEX",,46,"21.7805555","30 / 40",,,"30 / 55","50 / 60","50 / 45","40 / 50","55 / 60",,,"35+","sa3004142"
"Yohel Pozo","C","TEX",,49,"23.3416666","45 / 55",30,70,"30 / 40","50 / 50","20 / 20","40 / 50","45 / 45",89,,"35+","sa828445"
"Alexander Ovalles","1B","TEX",,50,"20.0305555","25 / 60",50,60,"20 / 45","45 / 50","30 / 30","45 / 60","50 / 50",89,,"35+","sa3005781"
"Frainyer Chavez","SS","TEX",,52,"21.3972222","35 / 55",55,55,"30 / 35","40 / 40","55 / 55","45 / 50","50 / 50",82,,"35+","sa3007019"
"Thomas Saggese","2B","TEX",,53,"18.5166666","25 / 55",,,"20 / 40","40 / 45","45 / 40","40 / 50","50 / 50",,,"35+",
"Owen Caissie","OF","SDP",,32,"18.275","20 / 45",,40,"20 / 55","45 / 60","45 / 40","40 / 50","60 / 60",,,"35+",
"Zayad Salinas","LHP/OF","SDP",,34,"17.7611111","20 / 50",,,"20 / 45","40 / 50","55 / 50","40 / 50","60 / 60",,,"35+",
"Alerick Soularie","LF","MIN",,34,"21.2833333","30 / 45",,,"35 / 50","50 / 55","55 / 55","45 / 55","45 / 45",87,103,"35+",
"Nick Gordon","SS","MIN",,35,"24.9805555","40 / 45",40,40,"30 / 40","50 / 50","55 / 55","45 / 50","55 / 55",87,102,"35+","sa828662"
"Angel Solarte","CF","SDP",,37,"19.5666666","25 / 55",40,60,"20 / 40","30 / 45","60 / 60","45 / 60","55 / 55",88,104,"35+","sa3007037"
"Willie Joe Garry Jr.","CF","MIN",,37,"20.3833333","20 / 40",40,45,"25 / 50","45 / 55","55 / 50","45 / 50","50 / 50",85,104,"35+","sa3007065"
"Cristian Heredia","CF","SDP",,39,"19.5138888","25 / 55",50,50,"20 / 45","45 / 50","50 / 50","45 / 50","45 / 45",86,108,"35+","sa3005731"
"Jair Camargo","C","MIN",,38,"21.2944444","30 / 40",30,40,"30 / 50","65 / 65","20 / 20","45 / 50","55 / 55",91,109,"35+",
"Bryan De La Cruz","RF","HOU",,38,"23.8361111","45 / 50",45,50,"35 / 40","50 / 50","50 / 50","55 / 55","50 / 50",89,107,"35+","sa828304"
"Seth Gray","3B","MIN",,40,"22.3805555","30 / 40",60,45,"35 / 55","60 / 60","45 / 45","45 / 50","55 / 55",87,105,"35+","sa1115752"
"Jason Vosler","3B","SDP",,43,"27.1138888","40 / 40",55,40,"50 / 50","60 / 60","30 / 30","40 / 40","50 / 50",91,108,"35+","sa829190"
"Alfonso Rivas","1B","CHC",,31,"24.0944444","45 / 55",60,50,"40 / 45","50 / 50","40 / 40","45 / 50","40 / 40",88,105,"35+","sa3007014"
"Caleb Hamilton","C","MIN",,42,"25.7","30 / 35",55,35,"35 / 40","50 / 50","50 / 50","50 / 55","60 / 60",89,104,"35+","sa738961"
"Sean Guilbe","SS","SDP",,44,"20.8444444","30 / 40",45,40,"25 / 50","50 / 55","50 / 50","35 / 45","50 / 50",89,107,"35+","sa3008185"
"Charles Mack","C","MIN",,43,"20.9305555","30 / 50",45,45,"30 / 50","45 / 50","50 / 50","40 / 50","40 / 40",88,105,"35+","sa3008250"
"Reivaj Garcia","2B","CHC",,36,"19.1805555","25 / 55",45,55,"20 / 45","40 / 45","50 / 45","45 / 55","50 / 50",81,95,"35+","sa3006900"
"Jordan Nwogu","CF","CHC",,37,"21.6027777","30 / 45",,,"30 / 50","55 / 60","55 / 55","40 / 50","45 / 45",93,110,"35+",
"Nelson Velazquez","LF","CHC",,38,"21.8083333","30 / 40",30,45,"30 / 50","60 / 65","50 / 40","30 / 45","50 / 50",92,108,"35+","sa3005129"
"Javier D'Orazio","C","TOR",,31,"18.8027777","25 / 55",,,"20 / 45","45 / 50","35 / 30","40 / 50","45 / 50",87,100,"35+","sa3008876"
"Chavez Young","CF","TOR",,34,"23.275","30 / 50",45,60,"50 / 50","40 / 45","55 / 55","45 / 50","60 / 60",84,104,"35+","sa918963"
"Tanner Morris","LF","TOR",,35,"23.1111111","35 / 60",55,60,"30 / 40","50 / 50","40 / 40","40 / 45","40 / 40",85,105,"35+","sa3009873"
"Freddy Valdez","RF","NYM",,26,"18.8638888","25 / 50",,,"20 / 55","50 / 55","40 / 30","40 / 45","45 / 45",85,101,"35+","sa3009190"
"Desmond Lindsay","CF","NYM",,28,"23.7555555","30 / 40",45,40,"40 / 50","60 / 60","60 / 55","45 / 50","50 / 50",90,104,"35+","sa874792"
"Jake Burger","3B","CHW",,24,"24.5194444","35 / 50",,,"40 / 55","60 / 60","30 / 30","40 / 45","60 / 60",,,"35+","sa915698"
"Bryan Ramos","3B","CHW",,25,"18.5972222","20 / 45",45,45,"25 / 50","50 / 55","50 / 45","40 / 50","60 / 60",86,106,"35+","sa3010024"
"Samuel Infante","3B","WSN",,18,"19.3194444","25 / 50",,,"20 / 45","50 / 55","50 / 40","40 / 50","50 / 55",,,"35+",
"Lency Delgado","3B","CHW",,26,"21.325","30 / 40",35,40,"30 / 50","50 / 55","50 / 45","40 / 50","60 / 60",87,104,"35+","sa3006913"
"Roismar Quintana","RF","WSN",,19,"17.6972222","20 / 50",,,"20 / 50","55 / 60","55 / 50","45 / 55","50 / 50",,,"35+",
"Lenyn Sosa","SS","CHW",,27,"20.7277777","35 / 55",30,55,"30 / 45","45 / 55","40 / 30","30 / 40","45 / 45",86,102,"35+","sa3004051"
"Jackson Cluff","SS","WSN",,20,"23.8722222","",50,50,"","","","45 / 50","55 / 55",85,102,"35+","sa3010342"
"Milkar Perez","3B","SEA",,37,"19.0027777","25 / 55",55,50,"20 / 45","45 / 50","40 / 30","40 / 50","50 / 55",89,102,"35+","sa3008883"
"Raudy Read","C","WSN",,21,"26.9666666","45 / 50",40,50,"45 / 50","55 / 55","20 / 20","40 / 45","45 / 45",90,109,"35+","15766"
"James Beard","CF","CHW",,29,"20.0638888","20 / 40",,,"20 / 35","30 / 40","80 / 80","40 / 70","40 / 40",82,102,"35+","sa3010038"
"Omar Hernandez","C","KCR",,41,"18.8527777","25 / 55",50,55,"20 / 40","35 / 40","30 / 30","45 / 55","55 / 55",81,99,"35+","sa3010155"
"Luis Liberato","CF","SEA",,39,"24.8305555","30 / 35",40,40,"35 / 40","50 / 50","60 / 60","50 / 50","60 / 60",91,105,"35+","sa737020"
"DJ Gladney","3B","CHW",,31,"19.2583333","20 / 40",30,35,"25 / 55","50 / 60","40 / 40","30 / 40","50 / 50",92,109,"35+","sa3010043"
"Austin Shenton","3B","SEA",,40,"22.7361111","30 / 45",55,45,"30 / 50","55 / 55","30 / 30","40 / 45","50 / 50",87,102,"35+","sa3009869"
"Bryce Bush","RF","CHW",,32,"20.8416666","30 / 35",40,35,"35 / 55","55 / 60","50 / 45","30 / 35","50 / 50",90,110,"35+","sa3008278"
"Omar Florentino","SS","KCR",,45,"18.975","25 / 55",,60,"20 / 35","30 / 40","60 / 60","45 / 55","45 / 50",80,98,"35+","sa3008758"
"John Rave","CF","KCR",,46,"22.7972222","35 / 50",50,50,"30 / 40","40 / 45","60 / 60","45 / 55","45 / 45",,103,"35+","sa918890"
"Johnabiell Laureano","CF","CHW",,35,"20.0166666","20 / 50",,,"20 / 50","45 / 50","55 / 50","40 / 50","45 / 50",89,104,"35+","sa3005787"
"Luis Mieses","CF","CHW",,38,"20.3805555","30 / 55",20,60,"20 / 50","50 / 55","45 / 40","45 / 45","45 / 45",85,106,"35+","sa3003274"
"MacKenzie Wainwright","RF","CIN",,24,"18.1972222","20 / 50",,,"20 / 55","45 / 60","55 / 50","40 / 50","45 / 50",,,"35+",
"Michael Hermosillo","RF","LAA",,29,"25.75","40 / 45",55,45,"40 / 45","50 / 50","65 / 65","50 / 55","50 / 50",91,,"35+","16285"
"Roberto Chirinos","SS","NYY",,45,"20.1083333","20 / 50",30,50,"20 / 40","45 / 50","45 / 40","40 / 50","60 / 60",85,102,"35+","sa3005484"
"Eric Yang","C","CIN",,29,"22.5583333","35 / 60",55,55,"30 / 30","35 / 40","30 / 30","40 / 50","45 / 45",85,102,"35+","sa1169769"
"Livan Soto","SS","LAA",,32,"20.3194444","25 / 55",50,65,"20 / 30","35 / 40","55 / 55","50 / 55","50 / 50",80,94,"35+","sa3004264"
"Mariel Bautista","CF","CIN",,32,"23.0055555","30 / 50",35,50,"20 / 45","55 / 60","60 / 55","45 / 50","50 / 50",85,105,"35+","sa872535"
"Jose Bonilla","3B","LAA",,33,"18.5416666","25 / 55",,,"20 / 50","45 / 55","40 / 40","40 / 50","60 / 60",84,102,"35+","sa3011404"
"Michel Triana","1B","CIN",,33,"20.9","30 / 45",,,"35 / 55","60 / 65","30 / 20","40 / 45","55 / 55",,,"35+",
"Madison Santos","CF","NYY",,50,"21.1138888","30 / 45",35,45,"30 / 40","45 / 50","70 / 70","45 / 55","55 / 55",89,106,"35+","sa3006206"
"Grant McCray","CF","SFG",,36,"19.8611111","25 / 55",55,50,"20 / 40","45 / 50","60 / 60","45 / 50","50 / 55",89,104,"35+","sa3010042"
"Logan Wyatt","1B","SFG",,38,"22.9222222","30 / 50",70,55,"35 / 50","50 / 55","30 / 30","45 / 50","45 / 45",87,105,"35+","sa3011259"
"Debby Santana","3B","CIN",,36,"20.1472222","20 / 35",20,40,"20 / 55","60 / 70","40 / 40","35 / 45","70 / 70",93,112,"35+","sa3003210"
"Dayro Perez","SS","NYY",,53,"18.7138888","20 / 45",40,40,"20 / 40","35 / 45","60 / 60","45 / 55","60 / 60",85,100,"35+","sa3009299"
"Jimmy Glowenke","2B","SFG",,39,"21.3666666","35 / 55",,,"30 / 45","50 / 50","40 / 40","40 / 45","50 / 50",,,"35+",
"Danny Lantigua","RF","CIN",,37,"21.6111111","20 / 30",20,30,"30 / 55","60 / 65","50 / 45","45 / 50","60 / 60",90,108,"35+","sa3005239"
"Chris Gittens","1B","NYY",,54,"26.7027777","35 / 35",55,40,"50 / 55","80 / 80","30 / 30","40 / 40","55 / 55",96,114,"35+","sa829048"
"Tyler Fitzgerald","SS","SFG",,41,"23.0888888","30 / 45",45,40,"30 / 40","45 / 50","55 / 50","45 / 50","55 / 55",86,103,"35+","sa3011257"
"Garrett Frechette","1B","SFG",,42,"19.7972222","20 / 50",40,45,"20 / 55","50 / 60","30 / 30","40 / 55","50 / 55",86,106,"35+","sa3010636"
"Yan Contreras","SS","CIN",,40,"19.7138888","20 / 40",40,30,"20 / 45","45 / 55","55 / 55","40 / 50","70 / 70",80,100,"35+","sa1169894"
"Connor Cannon","DH","SFG",,43,"22.4194444","30 / 40",40,40,"35 / 60","80 / 80","20 / 20","40 / 45","55 / 55",95,116,"35+","sa3010010"
"Glenallen Hill Jr.","2B","ARI",,37,"20.0472222","20 / 45",55,40,"30 / 50","45 / 50","70 / 70","30 / 45","45 / 45",84,102,"35+","sa3010335"
"A.J. Vukovich","1B","ARI",,39,"19.2416666","20 / 50",,,"25 / 55","55 / 60","30 / 20","35 / 45","55 / 55",,108,"35+",
"Jake McCarthy","LF","ARI",,46,"23.2138888","30 / 50",50,40,"25 / 40","50 / 50","60 / 60","50 / 55","40 / 40",81,103,"35+","sa3007015"
"Eduardo Diaz","CF","ARI",,49,"23.2444444","30 / 40",40,40,"30 / 50","50 / 55","55 / 55","40 / 50","60 / 60",86,106,"35+","sa917182"
"Buddy Reed","CF","OAK",,25,"25.4722222","35 / 35",45,40,"30 / 35","50 / 50","70 / 70","65 / 70","60 / 60",85,,"35+","sa738683"
"Greg Deichmann","RF","OAK",,27,"25.3805555","30 / 45",,,"40 / 50","65 / 65","50 / 45","40 / 45","55 / 55",,,"35+","sa3004977"
"Brandon Lewis","3B","LAD",,36,"21.9833333","30 / 45",45,45,"30 / 55","55 / 60","30 / 30","35 / 45","60 / 60",89,107,"35+","sa3010035"
"Lazaro Armenteros","LF","OAK",,31,"21.4027777","20 / 30",55,20,"35 / 55","60 / 60","60 / 55","40 / 45","40 / 40",86,,"35+","sa969091"
"Devin Mann","2B","LAD",,38,"23.6833333","40 / 50",55,45,"40 / 45","50 / 50","40 / 40","40 / 45","50 / 50",89,105,"35+","sa3006869"
"Luis Barrera","RF","OAK",,33,"24.9222222","40 / 45",35,45,"30 / 35","50 / 50","70 / 70","55 / 60","70 / 70",85,,"35+","sa736690"
"Justin Williams","LF","STL",,32,"25.1583333","40 / 45",40,45,"40 / 50","60 / 60","40 / 40","50 / 50","50 / 50",92,110,"35+","15490"
"Jeren Kendall","CF","LAD",,39,"24.7027777","30 / 35",50,30,"40 / 45","55 / 55","70 / 70","55 / 60","50 / 50",87,104,"35+","sa829529"
"CJ Alexander","3B","ATL",,19,"24.25","35 / 45",55,40,"40 / 50","60 / 60","40 / 40","40 / 45","60 / 60",89,106,"35+","sa3006912"
"Jesse Franklin","CF","ATL",,20,"21.8777777","30 / 45",50,45,"35 / 50","50 / 55","50 / 50","40 / 45","40 / 40",89,105,"35+",
"Zach Reks","DH","LAD",,41,"26.9305555","45 / 45",55,50,"45 / 50","55 / 55","45 / 45","30 / 30","40 / 40",91,107,"35+","sa3004166"
"Luke Raley","1B","LAD",,42,"26.0777777","35 / 40",40,45,"40 / 45","60 / 60","55 / 50","45 / 50","60 / 60",91,108,"35+","sa918048"
"Stephen Paolini","CF","ATL",,22,"19.9","20 / 50",,,"20 / 40","50 / 55","65 / 65","45 / 50","55 / 55",85,104,"35+","sa3010720"
"Greyson Jenista","RF","ATL",,23,"23.8611111","30 / 40",50,35,"30 / 55","60 / 60","50 / 45","45 / 50","55 / 55",90,108,"35+","sa3007044"
"Bryce Ball","1B","ATL",,24,"22.275","30 / 40",50,45,"35 / 55","70 / 70","40 / 40","45 / 50","45 / 45",92,107,"35+","sa1170451"
"Jake Vogel","CF","LAD",,45,"19.0138888","20 / 45",,,"20 / 40","40 / 45","80 / 80","45 / 60","55 / 55",,,"35+",
"James Outman","CF","LAD",,46,"23.425","30 / 35",50,40,"35 / 45","50 / 50","60 / 60","50 / 55","55 / 55",89,106,"35+","sa3007312"
"Terone Harris","LF","ATL",,26,"24.7555555","35 / 45",40,50,"40 / 50","55 / 55","45 / 45","45 / 50","40 / 40",90,107,"35+","sa3006876"
"Bryan Lavastida","C","CLE",,48,"21.8888888","30 / 45",50,40,"35 / 40","50 / 55","30 / 30","30 / 45","40 / 45",89,104,"35+","sa3006917"
"Steven Kwan","CF","CLE",,50,"23.1166666","35 / 60",55,65,"30 / 30","30 / 30","45 / 45","50 / 55","50 / 50",86,99,"35+","sa3008536"
"Jhonkensy Noel","1B","CLE",,51,"19.2555555","20 / 45",40,45,"25 / 60","55 / 65","30 / 20","40 / 55","55 / 55",90,112,"35+","sa3005579"
"Victor Nova","3B","CLE",,52,"20.7805555","25 / 55",60,50,"20 / 40","45 / 50","45 / 40","35 / 45","50 / 50",83,102,"35+","sa3006075"
"Johnathan Rodriguez","RF","CLE",,53,"20.9527777","30 / 45",45,40,"30 / 50","45 / 55","50 / 40","40 / 50","60 / 60",88,107,"35+","sa3004147"
"Logan O'Hoppe","C","PHI",,27,"20.6888888","30 / 40",40,45,"30 / 45","50 / 55","30 / 30","40 / 50","55 / 55",89,104,"35+","sa3007519"
"Marcus Lee Sang","RF","PHI",,34,"19.7916666","20 / 45",45,40,"25 / 50","45 / 50","55 / 50","40 / 50","60 / 60",86,103,"35+","sa3011445"
"Carlos De La Cruz","RF","PHI",,38,"21.0305555","30 / 35",35,35,"35 / 55","55 / 70","55 / 50","40 / 50","50 / 50",89,108,"35+","sa3006903"
"Brian O'Grady","CF","TBR",,37,"28.4166666","35 / 35",55,40,"50 / 50","55 / 55","55 / 55","45 / 45","55 / 55",91,108,"35+","16729"
"Rixon Wingrove","1B","PHI",,40,"20.4","20 / 50",55,50,"25 / 60","60 / 60","20 / 20","40 / 45","40 / 40",90,107,"35+","sa3007298"
"Esteban Quiroz","2B","TBR",,38,"28.6666666","55 / 55",55,55,"35 / 40","45 / 45","40 / 40","40 / 40","45 / 45",91,,"35+","sa596560"
"Baron Radcliff","1B","PHI",,41,"21.6888888","30 / 40",,,"35 / 55","70 / 70","30 / 30","40 / 45","40 / 40",,,"35+",
"Jelfry Marte","SS","TBR",,41,"19.5555555","25 / 50",30,30,"20 / 40","40 / 50","65 / 65","50 / 60","60 / 60",80,100,"35+","sa3006886"
"Zach Watson","CF","BAL",,33,"23.3111111","30 / 50",50,50,"30 / 35","45 / 45","55 / 55","45 / 50","60 / 60",85,102,"35+","sa3011258"
"Ian Lewis","2B","MIA",,37,"17.7027777","20 / 45",,,"20 / 40","30 / 45","70 / 70","40 / 55","50 / 50",,,"35+",
"Niko Hulsizer","LF","TBR",,42,"23.7111111","30 / 35",60,40,"45 / 55","70 / 70","45 / 40","40 / 40","45 / 45",89,111,"35+","sa3007053"
"Joseph Ortiz","SS","BAL",,34,"22.2583333","30 / 45",50,60,"30 / 35","40 / 45","55 / 55","50 / 55","55 / 55",85,103,"35+","sa3009889"
"Christian Koss","SS","COL",,26,"22.7222222","35 / 55",50,50,"30 / 45","45 / 45","50 / 50","40 / 45","50 / 50",90,103,"35+","sa3011227"
"Cal Stevenson","CF","TBR",,43,"24.0972222","50 / 60",60,70,"30 / 30","35 / 35","60 / 60","40 / 40","40 / 40",85,98,"35+","sa3006871"
"Maverick Handley","C","BAL",,35,"22.6027777","35 / 50",55,55,"30 / 40","40 / 40","50 / 50","45 / 55","40 / 40",85,101,"35+","sa3010848"
"Cristhian Rodriguez","3B","MIA",,39,"18.8166666","20 / 50",40,40,"20 / 50","45 / 55","40 / 35","40 / 50","50 / 55",83,99,"35+","sa3008785"
"Ronaiker Palma","C","COL",,28,"20.7916666","25 / 55",40,60,"20 / 30","30 / 40","40 / 40","45 / 60","60 / 60",79,96,"35+","sa3005624"
"Dalvy Rosario","SS","MIA",,40,"20.2361111","20 / 40",40,45,"25 / 45","40 / 50","55 / 55","45 / 55","55 / 55",83,103,"35+","sa3005712"
"Thomas Jones","CF","MIA",,41,"22.8555555","30 / 40",45,35,"30 / 50","45 / 55","55 / 50","45 / 55","50 / 50",87,105,"35+","sa917968"
"Nick Fortes","C","MIA",,43,"23.9333333","40 / 50",55,55,"30 / 35","40 / 40","40 / 40","45 / 50","55 / 55",88,102,"35+","sa3006714"
"Logan Driscoll","C","TBR",,48,"22.9555555","30 / 40",55,40,"30 / 45","50 / 55","30 / 30","40 / 45","55 / 55",,,"35+","sa3009882"
"Lamar Sparks","CF","BAL",,40,"22.0583333","30 / 50",40,40,"30 / 35","45 / 50","60 / 60","40 / 55","60 / 60",88,101,"35+","sa3004932"
"Tristan Pompey","LF","MIA",,44,"23.5666666","30 / 40",55,40,"30 / 50","60 / 60","45 / 40","40 / 45","45 / 45",90,108,"35+","sa3008077"
"Alberto Figuereo","2B","TBR",,50,"20.4805555","25 / 60",45,55,"20 / 40","35 / 45","65 / 65","50 / 55","50 / 50",,96,"35+","sa3005583"
"Brett Cumberland","DH","BAL",,42,"25.3111111","45 / 50",60,50,"40 / 45","50 / 50","30 / 30","30 / 30","45 / 45",86,104,"35+","sa915611"
"Andrew Daschbach","RF","BAL",,44,"22.9861111","30 / 50",55,45,"35 / 50","55 / 55","40 / 40","45 / 50","45 / 45",92,110,"35+","sa3011414"
"Alexander Mojica","1B","PIT",,36,"18.2083333","25 / 55",55,55,"25 / 55","55 / 60","20 / 20","35 / 40","50 / 50",89,105,"35+","sa3008889"
"Matt Gorski","RF","PIT",,38,"22.8194444","30 / 45",45,40,"30 / 45","50 / 50","55 / 55","45 / 55","55 / 55",88,104,"35+","sa3010399"
"Juan Jerez","2B","PIT",,39,"18.8861111","25 / 55",55,50,"25 / 45","45 / 50","45 / 45","45 / 50","50 / 50",88,103,"35+","sa3008892"
"Andre Lipcius","3B","DET",,36,"22.4027777","35 / 55",45,55,"30 / 40","50 / 50","45 / 45","50 / 55","55 / 55",84,100,"35+","sa3010401"
"Luis Tejeda","3B","PIT",,40,"18.1416666","20 / 50",50,45,"25 / 50","45 / 55","40 / 40","40 / 45","50 / 55",86,101,"35+","sa3008913"
"Tyrone Taylor","CF","MIL",,33,"26.7361111","50 / 50",40,50,"40 / 40","45 / 45","55 / 55","55 / 55","50 / 50",88,106,"35+","13675"
"Juan Pie","RF","PIT",,42,"19.5444444","20 / 40",50,45,"25 / 55","45 / 55","55 / 50","40 / 50","55 / 60",83,104,"35+","sa3005531"
"Sergio Alcantara","SS","DET",,39,"24.2694444","45 / 50",55,50,"20 / 20","30 / 30","55 / 55","55 / 60","70 / 70",85,99,"35+","16417"
"Nick Yorke","SS","BOS",,29,"18.5416666","25 / 60",50,60,"20 / 40","40 / 45","50 / 45","40 / 50","50 / 50",,,"35+",
"Daz Cameron","CF","DET",,40,"23.7555555","35 / 45",55,40,"35 / 45","50 / 50","50 / 50","50 / 55","55 / 55",88,109,"35+","18353"
"Je'Von Ward","RF","MIL",,36,"20.9777777","30 / 45",55,50,"30 / 50","50 / 60","50 / 45","45 / 50","55 / 55",87,106,"35+","sa3004969"
"Sergio Campana","CF","PIT",,44,"18.55","20 / 45",45,45,"20 / 45","40 / 50","80 / 80","45 / 60","45 / 50",80,100,"35+","sa3009834"
"Eduardo Lopez","CF","BOS",,30,"18.4416666","25 / 55",60,55,"20 / 40","40 / 50","50 / 55","45 / 60","50 / 55",84,100,"35+","sa3009275"
"Osvaldo Gavilan","CF","PIT",,45,"19.0194444","20 / 50",45,55,"20 / 45","40 / 45","50 / 50","45 / 50","50 / 50",83,99,"35+","sa3008873"
"Marcus Wilson","CF","BOS",,31,"24.1722222","30 / 35",50,35,"40 / 45","55 / 55","60 / 60","45 / 50","50 / 50",90,106,"35+","sa828703"
"Pablo Abreu","CF","MIL",,38,"20.9944444","30 / 35",45,30,"30 / 50","50 / 55","55 / 55","45 / 50","55 / 55",87,112,"35+","sa3003329"
"Anthony Alford","CF","PIT",,46,"26.2416666","35 / 35",45,40,"40 / 40","60 / 60","70 / 70","50 / 55","40 / 40",89,107,"35+","14329"
"Juan Chacon","CF","BOS",,32,"17.8694444","20 / 50",,,"20 / 50","40 / 50","60 / 55","45 / 55","50 / 55",,,"35+",
"Sam McMillan","C","DET",,45,"21.8777777","30 / 40",60,45,"30 / 35","40 / 45","40 / 35","45 / 50","55 / 55",85,102,"35+","sa3004277"
"Naysbel Marcano","C","BOS",,36,"18.4","20 / 45",45,45,"20 / 40","45 / 50","20 / 20","45 / 55","60 / 60",88,100,"35+","sa3008804"
"Albert Feliz","LF","BOS",,38,"18.5111111","20 / 40",45,45,"25 / 60","70 / 80","30 / 30","40 / 45","40 / 40",91,105,"35+","sa3008799"